title,url,time_published,overall_sentiment_score,overall_sentiment_label,relevance_score,topic_Earnings_relevance,topic_Earnings_sentiment_label,topic_Technology_relevance,topic_Technology_sentiment_label,topic_Manufacturing_relevance,topic_Manufacturing_sentiment_label,ticker,ticker_sentiment_score,ticker_sentiment_label,ticker_relevance_score,topic_Financial Markets_relevance,topic_Financial Markets_sentiment_label,topic_Economy - Monetary_relevance,topic_Economy - Monetary_sentiment_label,topic_Finance_relevance,topic_Finance_sentiment_label,topic_Economy - Fiscal_relevance,topic_Economy - Fiscal_sentiment_label,topic_Economy - Macro_relevance,topic_Economy - Macro_sentiment_label,topic_Energy & Transportation_relevance,topic_Energy & Transportation_sentiment_label,topic_Retail & Wholesale_relevance,topic_Retail & Wholesale_sentiment_label,topic_Life Sciences_relevance,topic_Life Sciences_sentiment_label,topic_Real Estate & Construction_relevance,topic_Real Estate & Construction_sentiment_label
"China's DeepSeek AI Rattles Tech Stocks, Analyst Ives Says Market Plunge 'Golden Buying Opportunity' - Alphabet  ( NASDAQ:GOOG ) , Apple  ( NASDAQ:AAPL ) ",https://www.benzinga.com/analyst-ratings/analyst-color/25/01/43236579/chinas-deepseek-ai-rattles-tech-stocks,20250127T151804,0.142812,Neutral,,0.158519,Somewhat-Bullish,0.5,Bullish,0.5,Bullish,MSFT,0.03706,Neutral,0.179788,,,,,,,,,,,,,,,,,,
"China's DeepSeek AI Rattles Tech Stocks, Analyst Ives Says Market Plunge 'Golden Buying Opportunity' - Alphabet  ( NASDAQ:GOOG ) , Apple  ( NASDAQ:AAPL ) ",https://www.benzinga.com/analyst-ratings/analyst-color/25/01/43236579/chinas-deepseek-ai-rattles-tech-stocks,20250127T151804,0.142812,Neutral,,0.158519,Somewhat-Bullish,0.5,Bullish,0.5,Bullish,GOOG,0.03706,Neutral,0.179788,,,,,,,,,,,,,,,,,,
"China's DeepSeek AI Rattles Tech Stocks, Analyst Ives Says Market Plunge 'Golden Buying Opportunity' - Alphabet  ( NASDAQ:GOOG ) , Apple  ( NASDAQ:AAPL ) ",https://www.benzinga.com/analyst-ratings/analyst-color/25/01/43236579/chinas-deepseek-ai-rattles-tech-stocks,20250127T151804,0.142812,Neutral,,0.158519,Somewhat-Bullish,0.5,Bullish,0.5,Bullish,META,0.178695,Somewhat-Bullish,0.179788,,,,,,,,,,,,,,,,,,
"China's DeepSeek AI Rattles Tech Stocks, Analyst Ives Says Market Plunge 'Golden Buying Opportunity' - Alphabet  ( NASDAQ:GOOG ) , Apple  ( NASDAQ:AAPL ) ",https://www.benzinga.com/analyst-ratings/analyst-color/25/01/43236579/chinas-deepseek-ai-rattles-tech-stocks,20250127T151804,0.142812,Neutral,,0.158519,Somewhat-Bullish,0.5,Bullish,0.5,Bullish,NVDA,0.076874,Neutral,0.430088,,,,,,,,,,,,,,,,,,
"China's DeepSeek AI Rattles Tech Stocks, Analyst Ives Says Market Plunge 'Golden Buying Opportunity' - Alphabet  ( NASDAQ:GOOG ) , Apple  ( NASDAQ:AAPL ) ",https://www.benzinga.com/analyst-ratings/analyst-color/25/01/43236579/chinas-deepseek-ai-rattles-tech-stocks,20250127T151804,0.142812,Neutral,,0.158519,Somewhat-Bullish,0.5,Bullish,0.5,Bullish,AAPL,0.178695,Somewhat-Bullish,0.179788,,,,,,,,,,,,,,,,,,
"Comparing Apple With Industry Competitors In Technology Hardware, Storage & Peripherals Industry - Apple  ( NASDAQ:AAPL ) ",https://www.benzinga.com/insights/news/25/01/43235232/comparing-apple-with-industry-competitors-in-technology-hardware-storage-amp-peripherals-industry,20250127T150104,0.27885,Somewhat-Bullish,,0.95493,Bullish,1.0,Bullish,,,AAPL,0.3773,Bullish,0.512373,0.54554,Bullish,,,,,,,,,,,,,,,,
"Stock Market News for Jan 27, 2025",https://www.zacks.com/stock/news/2403782/stock-market-news-for-jan-27-2025,20250127T144100,-0.069874,Neutral,,0.158519,Somewhat-Bullish,0.5,Bullish,0.5,Bullish,NVDA,0.060586,Neutral,0.215574,,,0.158519,Somewhat-Bullish,,,,,,,,,,,,,,
"Stock Market News for Jan 27, 2025",https://www.zacks.com/stock/news/2403782/stock-market-news-for-jan-27-2025,20250127T144100,-0.069874,Neutral,,0.158519,Somewhat-Bullish,0.5,Bullish,0.5,Bullish,AAPL,0.045671,Neutral,0.144708,,,0.158519,Somewhat-Bullish,,,,,,,,,,,,,,
Unveiling Apple  ( AAPL )  Q1 Outlook: Wall Street Estimates for Key Metrics,https://www.zacks.com/stock/news/2403723/unveiling-apple-aapl-q1-outlook-wall-street-estimates-for-key-metrics,20250127T141504,0.122646,Neutral,,0.999995,Bullish,1.0,Bullish,,,AAPL,0.22533,Somewhat-Bullish,0.360752,0.161647,Somewhat-Bullish,,,,,,,,,,,,,,,,
"Meta Wants To Leverage TikTok Ban Threat to Promote Instagram On Other Social Media, Offers Cash Deals - Meta Platforms  ( NASDAQ:META ) ",https://www.benzinga.com/25/01/43230011/meta-leverages-tiktok-ban-threats-to-boost-instagram-offering-creators-cash-deals,20250127T132424,0.147775,Neutral,,0.310843,Somewhat-Bullish,1.0,Bullish,,,GOOG,0.117249,Neutral,0.353059,0.989041,Bullish,,,,,,,,,,,,,,,,
"Meta Wants To Leverage TikTok Ban Threat to Promote Instagram On Other Social Media, Offers Cash Deals - Meta Platforms  ( NASDAQ:META ) ",https://www.benzinga.com/25/01/43230011/meta-leverages-tiktok-ban-threats-to-boost-instagram-offering-creators-cash-deals,20250127T132424,0.147775,Neutral,,0.310843,Somewhat-Bullish,1.0,Bullish,,,META,0.194539,Somewhat-Bullish,0.353059,0.989041,Bullish,,,,,,,,,,,,,,,,
"Meta Wants To Leverage TikTok Ban Threat to Promote Instagram On Other Social Media, Offers Cash Deals - Meta Platforms  ( NASDAQ:META ) ",https://www.benzinga.com/25/01/43230011/meta-leverages-tiktok-ban-threats-to-boost-instagram-offering-creators-cash-deals,20250127T132424,0.147775,Neutral,,0.310843,Somewhat-Bullish,1.0,Bullish,,,ORCL,-0.09212,Neutral,0.121343,0.989041,Bullish,,,,,,,,,,,,,,,,
"Meta Wants To Leverage TikTok Ban Threat to Promote Instagram On Other Social Media, Offers Cash Deals - Meta Platforms  ( NASDAQ:META ) ",https://www.benzinga.com/25/01/43230011/meta-leverages-tiktok-ban-threats-to-boost-instagram-offering-creators-cash-deals,20250127T132424,0.147775,Neutral,,0.310843,Somewhat-Bullish,1.0,Bullish,,,AAPL,-0.157431,Somewhat-Bearish,0.121343,0.989041,Bullish,,,,,,,,,,,,,,,,
"Meta Wants To Leverage TikTok Ban Threat to Promote Instagram On Other Social Media, Offers Cash Deals - Meta Platforms  ( NASDAQ:META ) ",https://www.benzinga.com/25/01/43230011/meta-leverages-tiktok-ban-threats-to-boost-instagram-offering-creators-cash-deals,20250127T132424,0.147775,Neutral,,0.310843,Somewhat-Bullish,1.0,Bullish,,,SNAP,0.190658,Somewhat-Bullish,0.121343,0.989041,Bullish,,,,,,,,,,,,,,,,
3 Artificial Intelligence  ( AI )  Stocks That Could Deliver Stunning Returns This Year,https://www.fool.com/investing/2025/01/27/3-artificial-intelligence-ai-stocks-that-could-del/,20250127T124500,0.244813,Somewhat-Bullish,,0.99676,Bullish,0.5,Bullish,0.5,Bullish,GOOG,0.158757,Somewhat-Bullish,0.283542,0.962106,Bullish,,,,,,,,,,,,,,,,
3 Artificial Intelligence  ( AI )  Stocks That Could Deliver Stunning Returns This Year,https://www.fool.com/investing/2025/01/27/3-artificial-intelligence-ai-stocks-that-could-del/,20250127T124500,0.244813,Somewhat-Bullish,,0.99676,Bullish,0.5,Bullish,0.5,Bullish,NVDA,0.2337,Somewhat-Bullish,0.337044,0.962106,Bullish,,,,,,,,,,,,,,,,
3 Artificial Intelligence  ( AI )  Stocks That Could Deliver Stunning Returns This Year,https://www.fool.com/investing/2025/01/27/3-artificial-intelligence-ai-stocks-that-could-del/,20250127T124500,0.244813,Somewhat-Bullish,,0.99676,Bullish,0.5,Bullish,0.5,Bullish,AAPL,0.217004,Somewhat-Bullish,0.057907,0.962106,Bullish,,,,,,,,,,,,,,,,
3 Artificial Intelligence  ( AI )  Stocks That Could Deliver Stunning Returns This Year,https://www.fool.com/investing/2025/01/27/3-artificial-intelligence-ai-stocks-that-could-del/,20250127T124500,0.244813,Somewhat-Bullish,,0.99676,Bullish,0.5,Bullish,0.5,Bullish,TSM,-0.085735,Neutral,0.115509,0.962106,Bullish,,,,,,,,,,,,,,,,
Nvidia Stock Is Up Over 900% Since 2023. Here's Why It's Still a Screaming Buy.,https://www.fool.com/investing/2025/01/27/nvidia-stock-is-up-over-800-since-2023/,20250127T121500,0.155824,Somewhat-Bullish,,0.917436,Bullish,0.5,Bullish,0.5,Bullish,MSFT,0.246186,Somewhat-Bullish,0.07157,0.365926,Bullish,,,,,,,,,,,,,,,,
Nvidia Stock Is Up Over 900% Since 2023. Here's Why It's Still a Screaming Buy.,https://www.fool.com/investing/2025/01/27/nvidia-stock-is-up-over-800-since-2023/,20250127T121500,0.155824,Somewhat-Bullish,,0.917436,Bullish,0.5,Bullish,0.5,Bullish,META,0.040327,Neutral,0.07157,0.365926,Bullish,,,,,,,,,,,,,,,,
Nvidia Stock Is Up Over 900% Since 2023. Here's Why It's Still a Screaming Buy.,https://www.fool.com/investing/2025/01/27/nvidia-stock-is-up-over-800-since-2023/,20250127T121500,0.155824,Somewhat-Bullish,,0.917436,Bullish,0.5,Bullish,0.5,Bullish,NVDA,0.266512,Somewhat-Bullish,0.822118,0.365926,Bullish,,,,,,,,,,,,,,,,
Nvidia Stock Is Up Over 900% Since 2023. Here's Why It's Still a Screaming Buy.,https://www.fool.com/investing/2025/01/27/nvidia-stock-is-up-over-800-since-2023/,20250127T121500,0.155824,Somewhat-Bullish,,0.917436,Bullish,0.5,Bullish,0.5,Bullish,AAPL,0.246186,Somewhat-Bullish,0.07157,0.365926,Bullish,,,,,,,,,,,,,,,,
"US Stock Futures Tumble As DeepSeek Buzz Jolts Big Tech: Expert Says The Chinese AI Model Is Yet To Prove Its Viability At Lower Cost In Long Term - Apple  ( NASDAQ:AAPL ) , Amazon.com  ( NASDAQ:AMZN ) ",https://www.benzinga.com/25/01/43223697/us-stock-futures-tumble-as-deepseek-buzz-jolts-big-tech-expert-says-the-ai-model-is-yet-to-prove-its-viability-at,20250127T114436,0.076407,Neutral,,0.999986,Bullish,0.333333,Somewhat-Bullish,0.333333,Somewhat-Bullish,GOOG,-0.009563,Neutral,0.123052,0.99393,Bullish,0.682689,Bullish,0.333333,Somewhat-Bullish,0.310843,Somewhat-Bullish,0.158519,Somewhat-Bullish,,,,,,,,
"US Stock Futures Tumble As DeepSeek Buzz Jolts Big Tech: Expert Says The Chinese AI Model Is Yet To Prove Its Viability At Lower Cost In Long Term - Apple  ( NASDAQ:AAPL ) , Amazon.com  ( NASDAQ:AMZN ) ",https://www.benzinga.com/25/01/43223697/us-stock-futures-tumble-as-deepseek-buzz-jolts-big-tech-expert-says-the-ai-model-is-yet-to-prove-its-viability-at,20250127T114436,0.076407,Neutral,,0.999986,Bullish,0.333333,Somewhat-Bullish,0.333333,Somewhat-Bullish,META,-0.011625,Neutral,0.123052,0.99393,Bullish,0.682689,Bullish,0.333333,Somewhat-Bullish,0.310843,Somewhat-Bullish,0.158519,Somewhat-Bullish,,,,,,,,
"US Stock Futures Tumble As DeepSeek Buzz Jolts Big Tech: Expert Says The Chinese AI Model Is Yet To Prove Its Viability At Lower Cost In Long Term - Apple  ( NASDAQ:AAPL ) , Amazon.com  ( NASDAQ:AMZN ) ",https://www.benzinga.com/25/01/43223697/us-stock-futures-tumble-as-deepseek-buzz-jolts-big-tech-expert-says-the-ai-model-is-yet-to-prove-its-viability-at,20250127T114436,0.076407,Neutral,,0.999986,Bullish,0.333333,Somewhat-Bullish,0.333333,Somewhat-Bullish,NVDA,-0.062416,Neutral,0.183662,0.99393,Bullish,0.682689,Bullish,0.333333,Somewhat-Bullish,0.310843,Somewhat-Bullish,0.158519,Somewhat-Bullish,,,,,,,,
"US Stock Futures Tumble As DeepSeek Buzz Jolts Big Tech: Expert Says The Chinese AI Model Is Yet To Prove Its Viability At Lower Cost In Long Term - Apple  ( NASDAQ:AAPL ) , Amazon.com  ( NASDAQ:AMZN ) ",https://www.benzinga.com/25/01/43223697/us-stock-futures-tumble-as-deepseek-buzz-jolts-big-tech-expert-says-the-ai-model-is-yet-to-prove-its-viability-at,20250127T114436,0.076407,Neutral,,0.999986,Bullish,0.333333,Somewhat-Bullish,0.333333,Somewhat-Bullish,AAPL,-0.011625,Neutral,0.123052,0.99393,Bullish,0.682689,Bullish,0.333333,Somewhat-Bullish,0.310843,Somewhat-Bullish,0.158519,Somewhat-Bullish,,,,,,,,
"US Stock Futures Tumble As DeepSeek Buzz Jolts Big Tech: Expert Says The Chinese AI Model Is Yet To Prove Its Viability At Lower Cost In Long Term - Apple  ( NASDAQ:AAPL ) , Amazon.com  ( NASDAQ:AMZN ) ",https://www.benzinga.com/25/01/43223697/us-stock-futures-tumble-as-deepseek-buzz-jolts-big-tech-expert-says-the-ai-model-is-yet-to-prove-its-viability-at,20250127T114436,0.076407,Neutral,,0.999986,Bullish,0.333333,Somewhat-Bullish,0.333333,Somewhat-Bullish,LGTY,0.158069,Somewhat-Bullish,0.06171,0.99393,Bullish,0.682689,Bullish,0.333333,Somewhat-Bullish,0.310843,Somewhat-Bullish,0.158519,Somewhat-Bullish,,,,,,,,
"US Stock Futures Tumble As DeepSeek Buzz Jolts Big Tech: Expert Says The Chinese AI Model Is Yet To Prove Its Viability At Lower Cost In Long Term - Apple  ( NASDAQ:AAPL ) , Amazon.com  ( NASDAQ:AMZN ) ",https://www.benzinga.com/25/01/43223697/us-stock-futures-tumble-as-deepseek-buzz-jolts-big-tech-expert-says-the-ai-model-is-yet-to-prove-its-viability-at,20250127T114436,0.076407,Neutral,,0.999986,Bullish,0.333333,Somewhat-Bullish,0.333333,Somewhat-Bullish,SANM,0.081008,Neutral,0.06171,0.99393,Bullish,0.682689,Bullish,0.333333,Somewhat-Bullish,0.310843,Somewhat-Bullish,0.158519,Somewhat-Bullish,,,,,,,,
"US Stock Futures Tumble As DeepSeek Buzz Jolts Big Tech: Expert Says The Chinese AI Model Is Yet To Prove Its Viability At Lower Cost In Long Term - Apple  ( NASDAQ:AAPL ) , Amazon.com  ( NASDAQ:AMZN ) ",https://www.benzinga.com/25/01/43223697/us-stock-futures-tumble-as-deepseek-buzz-jolts-big-tech-expert-says-the-ai-model-is-yet-to-prove-its-viability-at,20250127T114436,0.076407,Neutral,,0.999986,Bullish,0.333333,Somewhat-Bullish,0.333333,Somewhat-Bullish,IVZ,-0.03281,Neutral,0.030878,0.99393,Bullish,0.682689,Bullish,0.333333,Somewhat-Bullish,0.310843,Somewhat-Bullish,0.158519,Somewhat-Bullish,,,,,,,,
"US Stock Futures Tumble As DeepSeek Buzz Jolts Big Tech: Expert Says The Chinese AI Model Is Yet To Prove Its Viability At Lower Cost In Long Term - Apple  ( NASDAQ:AAPL ) , Amazon.com  ( NASDAQ:AMZN ) ",https://www.benzinga.com/25/01/43223697/us-stock-futures-tumble-as-deepseek-buzz-jolts-big-tech-expert-says-the-ai-model-is-yet-to-prove-its-viability-at,20250127T114436,0.076407,Neutral,,0.999986,Bullish,0.333333,Somewhat-Bullish,0.333333,Somewhat-Bullish,TVGN,0.0,Neutral,0.06171,0.99393,Bullish,0.682689,Bullish,0.333333,Somewhat-Bullish,0.310843,Somewhat-Bullish,0.158519,Somewhat-Bullish,,,,,,,,
"US Stock Futures Tumble As DeepSeek Buzz Jolts Big Tech: Expert Says The Chinese AI Model Is Yet To Prove Its Viability At Lower Cost In Long Term - Apple  ( NASDAQ:AAPL ) , Amazon.com  ( NASDAQ:AMZN ) ",https://www.benzinga.com/25/01/43223697/us-stock-futures-tumble-as-deepseek-buzz-jolts-big-tech-expert-says-the-ai-model-is-yet-to-prove-its-viability-at,20250127T114436,0.076407,Neutral,,0.999986,Bullish,0.333333,Somewhat-Bullish,0.333333,Somewhat-Bullish,MSFT,-0.010428,Neutral,0.15347,0.99393,Bullish,0.682689,Bullish,0.333333,Somewhat-Bullish,0.310843,Somewhat-Bullish,0.158519,Somewhat-Bullish,,,,,,,,
"US Stock Futures Tumble As DeepSeek Buzz Jolts Big Tech: Expert Says The Chinese AI Model Is Yet To Prove Its Viability At Lower Cost In Long Term - Apple  ( NASDAQ:AAPL ) , Amazon.com  ( NASDAQ:AMZN ) ",https://www.benzinga.com/25/01/43223697/us-stock-futures-tumble-as-deepseek-buzz-jolts-big-tech-expert-says-the-ai-model-is-yet-to-prove-its-viability-at,20250127T114436,0.076407,Neutral,,0.999986,Bullish,0.333333,Somewhat-Bullish,0.333333,Somewhat-Bullish,TSLA,-0.052472,Neutral,0.183662,0.99393,Bullish,0.682689,Bullish,0.333333,Somewhat-Bullish,0.310843,Somewhat-Bullish,0.158519,Somewhat-Bullish,,,,,,,,
"US Stock Futures Tumble As DeepSeek Buzz Jolts Big Tech: Expert Says The Chinese AI Model Is Yet To Prove Its Viability At Lower Cost In Long Term - Apple  ( NASDAQ:AAPL ) , Amazon.com  ( NASDAQ:AMZN ) ",https://www.benzinga.com/25/01/43223697/us-stock-futures-tumble-as-deepseek-buzz-jolts-big-tech-expert-says-the-ai-model-is-yet-to-prove-its-viability-at,20250127T114436,0.076407,Neutral,,0.999986,Bullish,0.333333,Somewhat-Bullish,0.333333,Somewhat-Bullish,T,0.057572,Neutral,0.030878,0.99393,Bullish,0.682689,Bullish,0.333333,Somewhat-Bullish,0.310843,Somewhat-Bullish,0.158519,Somewhat-Bullish,,,,,,,,
"US Stock Futures Tumble As DeepSeek Buzz Jolts Big Tech: Expert Says The Chinese AI Model Is Yet To Prove Its Viability At Lower Cost In Long Term - Apple  ( NASDAQ:AAPL ) , Amazon.com  ( NASDAQ:AMZN ) ",https://www.benzinga.com/25/01/43223697/us-stock-futures-tumble-as-deepseek-buzz-jolts-big-tech-expert-says-the-ai-model-is-yet-to-prove-its-viability-at,20250127T114436,0.076407,Neutral,,0.999986,Bullish,0.333333,Somewhat-Bullish,0.333333,Somewhat-Bullish,HWH,-0.057002,Neutral,0.06171,0.99393,Bullish,0.682689,Bullish,0.333333,Somewhat-Bullish,0.310843,Somewhat-Bullish,0.158519,Somewhat-Bullish,,,,,,,,
"US Stock Futures Tumble As DeepSeek Buzz Jolts Big Tech: Expert Says The Chinese AI Model Is Yet To Prove Its Viability At Lower Cost In Long Term - Apple  ( NASDAQ:AAPL ) , Amazon.com  ( NASDAQ:AMZN ) ",https://www.benzinga.com/25/01/43223697/us-stock-futures-tumble-as-deepseek-buzz-jolts-big-tech-expert-says-the-ai-model-is-yet-to-prove-its-viability-at,20250127T114436,0.076407,Neutral,,0.999986,Bullish,0.333333,Somewhat-Bullish,0.333333,Somewhat-Bullish,SPGI,0.032606,Neutral,0.030878,0.99393,Bullish,0.682689,Bullish,0.333333,Somewhat-Bullish,0.310843,Somewhat-Bullish,0.158519,Somewhat-Bullish,,,,,,,,
"US Stock Futures Tumble As DeepSeek Buzz Jolts Big Tech: Expert Says The Chinese AI Model Is Yet To Prove Its Viability At Lower Cost In Long Term - Apple  ( NASDAQ:AAPL ) , Amazon.com  ( NASDAQ:AMZN ) ",https://www.benzinga.com/25/01/43223697/us-stock-futures-tumble-as-deepseek-buzz-jolts-big-tech-expert-says-the-ai-model-is-yet-to-prove-its-viability-at,20250127T114436,0.076407,Neutral,,0.999986,Bullish,0.333333,Somewhat-Bullish,0.333333,Somewhat-Bullish,BRO,0.062003,Neutral,0.06171,0.99393,Bullish,0.682689,Bullish,0.333333,Somewhat-Bullish,0.310843,Somewhat-Bullish,0.158519,Somewhat-Bullish,,,,,,,,
"US Stock Futures Tumble As DeepSeek Buzz Jolts Big Tech: Expert Says The Chinese AI Model Is Yet To Prove Its Viability At Lower Cost In Long Term - Apple  ( NASDAQ:AAPL ) , Amazon.com  ( NASDAQ:AMZN ) ",https://www.benzinga.com/25/01/43223697/us-stock-futures-tumble-as-deepseek-buzz-jolts-big-tech-expert-says-the-ai-model-is-yet-to-prove-its-viability-at,20250127T114436,0.076407,Neutral,,0.999986,Bullish,0.333333,Somewhat-Bullish,0.333333,Somewhat-Bullish,NUE,0.075006,Neutral,0.06171,0.99393,Bullish,0.682689,Bullish,0.333333,Somewhat-Bullish,0.310843,Somewhat-Bullish,0.158519,Somewhat-Bullish,,,,,,,,
"US Stock Futures Tumble As DeepSeek Buzz Jolts Big Tech: Expert Says The Chinese AI Model Is Yet To Prove Its Viability At Lower Cost In Long Term - Apple  ( NASDAQ:AAPL ) , Amazon.com  ( NASDAQ:AMZN ) ",https://www.benzinga.com/25/01/43223697/us-stock-futures-tumble-as-deepseek-buzz-jolts-big-tech-expert-says-the-ai-model-is-yet-to-prove-its-viability-at,20250127T114436,0.076407,Neutral,,0.999986,Bullish,0.333333,Somewhat-Bullish,0.333333,Somewhat-Bullish,FOREX:USD,0.088824,Neutral,0.030878,0.99393,Bullish,0.682689,Bullish,0.333333,Somewhat-Bullish,0.310843,Somewhat-Bullish,0.158519,Somewhat-Bullish,,,,,,,,
Should BNY Mellon US Large Cap Core Equity ETF  ( BKLC )  Be on Your Investing Radar?,https://www.zacks.com/stock/news/2403538/should-bny-mellon-us-large-cap-core-equity-etf-bklc-be-on-your-investing-radar,20250127T112007,0.193741,Somewhat-Bullish,,,,0.5,Bullish,0.5,Bullish,MSFT,0.070327,Neutral,0.130217,1.0,Bullish,,,,,,,,,,,,,,,,
Should BNY Mellon US Large Cap Core Equity ETF  ( BKLC )  Be on Your Investing Radar?,https://www.zacks.com/stock/news/2403538/should-bny-mellon-us-large-cap-core-equity-etf-bklc-be-on-your-investing-radar,20250127T112007,0.193741,Somewhat-Bullish,,,,0.5,Bullish,0.5,Bullish,NVDA,0.070327,Neutral,0.130217,1.0,Bullish,,,,,,,,,,,,,,,,
Should BNY Mellon US Large Cap Core Equity ETF  ( BKLC )  Be on Your Investing Radar?,https://www.zacks.com/stock/news/2403538/should-bny-mellon-us-large-cap-core-equity-etf-bklc-be-on-your-investing-radar,20250127T112007,0.193741,Somewhat-Bullish,,,,0.5,Bullish,0.5,Bullish,AAPL,0.070327,Neutral,0.130217,1.0,Bullish,,,,,,,,,,,,,,,,
"Augmented Reality and Virtual Reality Market to grow by USD 442.9 Billion  ( 2024-2028 ) , Rising Demand for AR and VR Tech Drives Growth, Report Highlights AI Impact - Technavio",https://www.benzinga.com/pressreleases/25/01/n43222677/augmented-reality-and-virtual-reality-market-to-grow-by-usd-442-9-billion-2024-2028-rising-demand-,20250127T104300,0.335183,Somewhat-Bullish,,,,0.5,Bullish,0.5,Bullish,LNVGF,0.044562,Neutral,0.024322,0.929393,Bullish,,,,,,,,,,,,,,,,
"Augmented Reality and Virtual Reality Market to grow by USD 442.9 Billion  ( 2024-2028 ) , Rising Demand for AR and VR Tech Drives Growth, Report Highlights AI Impact - Technavio",https://www.benzinga.com/pressreleases/25/01/n43222677/augmented-reality-and-virtual-reality-market-to-grow-by-usd-442-9-billion-2024-2028-rising-demand-,20250127T104300,0.335183,Somewhat-Bullish,,,,0.5,Bullish,0.5,Bullish,MSFT,0.107751,Neutral,0.097062,0.929393,Bullish,,,,,,,,,,,,,,,,
"Augmented Reality and Virtual Reality Market to grow by USD 442.9 Billion  ( 2024-2028 ) , Rising Demand for AR and VR Tech Drives Growth, Report Highlights AI Impact - Technavio",https://www.benzinga.com/pressreleases/25/01/n43222677/augmented-reality-and-virtual-reality-market-to-grow-by-usd-442-9-billion-2024-2028-rising-demand-,20250127T104300,0.335183,Somewhat-Bullish,,,,0.5,Bullish,0.5,Bullish,SSNLF,0.044562,Neutral,0.024322,0.929393,Bullish,,,,,,,,,,,,,,,,
"Augmented Reality and Virtual Reality Market to grow by USD 442.9 Billion  ( 2024-2028 ) , Rising Demand for AR and VR Tech Drives Growth, Report Highlights AI Impact - Technavio",https://www.benzinga.com/pressreleases/25/01/n43222677/augmented-reality-and-virtual-reality-market-to-grow-by-usd-442-9-billion-2024-2028-rising-demand-,20250127T104300,0.335183,Somewhat-Bullish,,,,0.5,Bullish,0.5,Bullish,GOOG,0.096203,Neutral,0.048621,0.929393,Bullish,,,,,,,,,,,,,,,,
"Augmented Reality and Virtual Reality Market to grow by USD 442.9 Billion  ( 2024-2028 ) , Rising Demand for AR and VR Tech Drives Growth, Report Highlights AI Impact - Technavio",https://www.benzinga.com/pressreleases/25/01/n43222677/augmented-reality-and-virtual-reality-market-to-grow-by-usd-442-9-billion-2024-2028-rising-demand-,20250127T104300,0.335183,Somewhat-Bullish,,,,0.5,Bullish,0.5,Bullish,AAPL,0.044562,Neutral,0.024322,0.929393,Bullish,,,,,,,,,,,,,,,,
"Augmented Reality and Virtual Reality Market to grow by USD 442.9 Billion  ( 2024-2028 ) , Rising Demand for AR and VR Tech Drives Growth, Report Highlights AI Impact - Technavio",https://www.benzinga.com/pressreleases/25/01/n43222677/augmented-reality-and-virtual-reality-market-to-grow-by-usd-442-9-billion-2024-2028-rising-demand-,20250127T104300,0.335183,Somewhat-Bullish,,,,0.5,Bullish,0.5,Bullish,VUZI,0.044562,Neutral,0.024322,0.929393,Bullish,,,,,,,,,,,,,,,,
"Augmented Reality and Virtual Reality Market to grow by USD 442.9 Billion  ( 2024-2028 ) , Rising Demand for AR and VR Tech Drives Growth, Report Highlights AI Impact - Technavio",https://www.benzinga.com/pressreleases/25/01/n43222677/augmented-reality-and-virtual-reality-market-to-grow-by-usd-442-9-billion-2024-2028-rising-demand-,20250127T104300,0.335183,Somewhat-Bullish,,,,0.5,Bullish,0.5,Bullish,HPQ,0.093077,Neutral,0.048621,0.929393,Bullish,,,,,,,,,,,,,,,,
"Augmented Reality and Virtual Reality Market to grow by USD 442.9 Billion  ( 2024-2028 ) , Rising Demand for AR and VR Tech Drives Growth, Report Highlights AI Impact - Technavio",https://www.benzinga.com/pressreleases/25/01/n43222677/augmented-reality-and-virtual-reality-market-to-grow-by-usd-442-9-billion-2024-2028-rising-demand-,20250127T104300,0.335183,Somewhat-Bullish,,,,0.5,Bullish,0.5,Bullish,SEKEF,0.044562,Neutral,0.024322,0.929393,Bullish,,,,,,,,,,,,,,,,
"Augmented Reality and Virtual Reality Market to grow by USD 442.9 Billion  ( 2024-2028 ) , Rising Demand for AR and VR Tech Drives Growth, Report Highlights AI Impact - Technavio",https://www.benzinga.com/pressreleases/25/01/n43222677/augmented-reality-and-virtual-reality-market-to-grow-by-usd-442-9-billion-2024-2028-rising-demand-,20250127T104300,0.335183,Somewhat-Bullish,,,,0.5,Bullish,0.5,Bullish,PTC,0.044562,Neutral,0.024322,0.929393,Bullish,,,,,,,,,,,,,,,,
Should You Buy Berkshire Hathaway Stock Before Jan. 30?,https://www.fool.com/investing/2025/01/27/should-you-buy-berkshire-hathaway-stock-before-jan/,20250127T104100,0.30084,Somewhat-Bullish,,0.714479,Bullish,0.5,Bullish,,,AAPL,0.375061,Bullish,0.666827,0.999922,Bullish,,,0.5,Bullish,,,,,,,,,,,,
Should You Buy Berkshire Hathaway Stock Before Jan. 30?,https://www.fool.com/investing/2025/01/27/should-you-buy-berkshire-hathaway-stock-before-jan/,20250127T104100,0.30084,Somewhat-Bullish,,0.714479,Bullish,0.5,Bullish,,,BRK-A,0.386885,Bullish,0.419733,0.999922,Bullish,,,0.5,Bullish,,,,,,,,,,,,
Meet the Stock Warren Buffett Has the Utmost Confidence In -- He's Been a Buyer for 24 of the Last 25 Quarters,https://www.fool.com/investing/2025/01/27/meet-stock-warren-buffett-has-utmost-confidence-in/,20250127T095100,0.296688,Somewhat-Bullish,,0.744043,Bullish,0.5,Bullish,,,AXP,0.271605,Somewhat-Bullish,0.156461,1.0,Bullish,,,0.5,Bullish,,,,,,,,,,,,
Meet the Stock Warren Buffett Has the Utmost Confidence In -- He's Been a Buyer for 24 of the Last 25 Quarters,https://www.fool.com/investing/2025/01/27/meet-stock-warren-buffett-has-utmost-confidence-in/,20250127T095100,0.296688,Somewhat-Bullish,,0.744043,Bullish,0.5,Bullish,,,AAPL,0.133703,Neutral,0.23281,1.0,Bullish,,,0.5,Bullish,,,,,,,,,,,,
Meet the Stock Warren Buffett Has the Utmost Confidence In -- He's Been a Buyer for 24 of the Last 25 Quarters,https://www.fool.com/investing/2025/01/27/meet-stock-warren-buffett-has-utmost-confidence-in/,20250127T095100,0.296688,Somewhat-Bullish,,0.744043,Bullish,0.5,Bullish,,,BAC,0.084271,Neutral,0.156461,1.0,Bullish,,,0.5,Bullish,,,,,,,,,,,,
Meet the Stock Warren Buffett Has the Utmost Confidence In -- He's Been a Buyer for 24 of the Last 25 Quarters,https://www.fool.com/investing/2025/01/27/meet-stock-warren-buffett-has-utmost-confidence-in/,20250127T095100,0.296688,Somewhat-Bullish,,0.744043,Bullish,0.5,Bullish,,,BRK-A,0.151016,Somewhat-Bullish,0.194868,1.0,Bullish,,,0.5,Bullish,,,,,,,,,,,,
Apple's iPad Turns 15 Today: Here's A Throwback To When Steve Jobs Explained Called It The 'Third Category' After Phones And Notebooks - Apple  ( NASDAQ:AAPL ) ,https://www.benzinga.com/tech/25/01/43221770/apples-ipad-turns-15-today-heres-a-throwback-to-when-steve-jobs-explained-called-it-the-third-category-after,20250127T092645,0.266552,Somewhat-Bullish,,0.538269,Bullish,0.5,Bullish,0.5,Bullish,NVDA,0.27776,Somewhat-Bullish,0.074692,0.413559,Bullish,,,,,,,,,,,,,,,,
Apple's iPad Turns 15 Today: Here's A Throwback To When Steve Jobs Explained Called It The 'Third Category' After Phones And Notebooks - Apple  ( NASDAQ:AAPL ) ,https://www.benzinga.com/tech/25/01/43221770/apples-ipad-turns-15-today-heres-a-throwback-to-when-steve-jobs-explained-called-it-the-third-category-after,20250127T092645,0.266552,Somewhat-Bullish,,0.538269,Bullish,0.5,Bullish,0.5,Bullish,AAPL,0.205331,Somewhat-Bullish,0.360752,0.413559,Bullish,,,,,,,,,,,,,,,,
2 Vanguard ETFs to Buy With $500 and Hold Forever,https://www.fool.com/investing/2025/01/27/2-vanguard-etfs-to-buy-with-500-and-hold-forever/,20250127T090500,0.40774,Bullish,,,,0.333333,Somewhat-Bullish,0.333333,Somewhat-Bullish,MSFT,0.114821,Neutral,0.054857,1.0,Bullish,,,0.333333,Somewhat-Bullish,,,,,,,,,,,,
2 Vanguard ETFs to Buy With $500 and Hold Forever,https://www.fool.com/investing/2025/01/27/2-vanguard-etfs-to-buy-with-500-and-hold-forever/,20250127T090500,0.40774,Bullish,,,,0.333333,Somewhat-Bullish,0.333333,Somewhat-Bullish,NVDA,0.114821,Neutral,0.054857,1.0,Bullish,,,0.333333,Somewhat-Bullish,,,,,,,,,,,,
2 Vanguard ETFs to Buy With $500 and Hold Forever,https://www.fool.com/investing/2025/01/27/2-vanguard-etfs-to-buy-with-500-and-hold-forever/,20250127T090500,0.40774,Bullish,,,,0.333333,Somewhat-Bullish,0.333333,Somewhat-Bullish,AAPL,0.114821,Neutral,0.054857,1.0,Bullish,,,0.333333,Somewhat-Bullish,,,,,,,,,,,,
2 Vanguard ETFs to Buy With $500 and Hold Forever,https://www.fool.com/investing/2025/01/27/2-vanguard-etfs-to-buy-with-500-and-hold-forever/,20250127T090500,0.40774,Bullish,,,,0.333333,Somewhat-Bullish,0.333333,Somewhat-Bullish,AVGO,0.065831,Neutral,0.054857,1.0,Bullish,,,0.333333,Somewhat-Bullish,,,,,,,,,,,,
2 Vanguard ETFs to Buy With $500 and Hold Forever,https://www.fool.com/investing/2025/01/27/2-vanguard-etfs-to-buy-with-500-and-hold-forever/,20250127T090500,0.40774,Bullish,,,,0.333333,Somewhat-Bullish,0.333333,Somewhat-Bullish,UNH,0.065831,Neutral,0.054857,1.0,Bullish,,,0.333333,Somewhat-Bullish,,,,,,,,,,,,
"Music Production Software Market to Grow by USD 432.8 Million  ( 2025-2029 ) , Driven by Rising Musicians and Artists, Report Highlights AI Impact on Market Trends - Technavio",https://www.benzinga.com/pressreleases/25/01/n43221554/music-production-software-market-to-grow-by-usd-432-8-million-2025-2029-driven-by-rising-musicians,20250127T084200,0.363151,Bullish,,0.108179,Neutral,1.0,Bullish,,,ADBE,0.04044,Neutral,0.022452,,,,,,,,,,,,,,,,,,
"Music Production Software Market to Grow by USD 432.8 Million  ( 2025-2029 ) , Driven by Rising Musicians and Artists, Report Highlights AI Impact on Market Trends - Technavio",https://www.benzinga.com/pressreleases/25/01/n43221554/music-production-software-market-to-grow-by-usd-432-8-million-2025-2029-driven-by-rising-musicians,20250127T084200,0.363151,Bullish,,0.108179,Neutral,1.0,Bullish,,,AAPL,0.04044,Neutral,0.022452,,,,,,,,,,,,,,,,,,
"Music Production Software Market to Grow by USD 432.8 Million  ( 2025-2029 ) , Driven by Rising Musicians and Artists, Report Highlights AI Impact on Market Trends - Technavio",https://www.benzinga.com/pressreleases/25/01/n43221554/music-production-software-market-to-grow-by-usd-432-8-million-2025-2029-driven-by-rising-musicians,20250127T084200,0.363151,Bullish,,0.108179,Neutral,1.0,Bullish,,,SONG,0.166496,Somewhat-Bullish,0.022452,,,,,,,,,,,,,,,,,,
"Music Production Software Market to Grow by USD 432.8 Million  ( 2025-2029 ) , Driven by Rising Musicians and Artists, Report Highlights AI Impact on Market Trends - Technavio",https://www.benzinga.com/pressreleases/25/01/n43221554/music-production-software-market-to-grow-by-usd-432-8-million-2025-2029-driven-by-rising-musicians,20250127T084200,0.363151,Bullish,,0.108179,Neutral,1.0,Bullish,,,YAMCF,0.04044,Neutral,0.022452,,,,,,,,,,,,,,,,,,
"iOS 18.4 Preview: Updates To Siri, More Languages For Apple Intelligence, And Robot Vacuum Support - Everything We Know So Far - Apple  ( NASDAQ:AAPL ) ",https://www.benzinga.com/tech/25/01/43221500/ios-18-4-preview-updates-to-siri-more-languages-for-apple-intelligence-and-robot-vacuum-support-everything-w,20250127T083303,0.26771,Somewhat-Bullish,,,,1.0,Bullish,,,MSFT,0.041619,Neutral,0.092927,,,,,,,,,,,,,,,,,,
"iOS 18.4 Preview: Updates To Siri, More Languages For Apple Intelligence, And Robot Vacuum Support - Everything We Know So Far - Apple  ( NASDAQ:AAPL ) ",https://www.benzinga.com/tech/25/01/43221500/ios-18-4-preview-updates-to-siri-more-languages-for-apple-intelligence-and-robot-vacuum-support-everything-w,20250127T083303,0.26771,Somewhat-Bullish,,,,1.0,Bullish,,,GOOG,0.058103,Neutral,0.184598,,,,,,,,,,,,,,,,,,
"iOS 18.4 Preview: Updates To Siri, More Languages For Apple Intelligence, And Robot Vacuum Support - Everything We Know So Far - Apple  ( NASDAQ:AAPL ) ",https://www.benzinga.com/tech/25/01/43221500/ios-18-4-preview-updates-to-siri-more-languages-for-apple-intelligence-and-robot-vacuum-support-everything-w,20250127T083303,0.26771,Somewhat-Bullish,,,,1.0,Bullish,,,AAPL,0.440818,Bullish,0.70655,,,,,,,,,,,,,,,,,,
"Television Market to Grow by USD 73.1 Billion  ( 2025-2029 ) , Driven by Innovation and Premiumization, Report Highlights AI Impact on Market Trends - Technavio",https://www.benzinga.com/pressreleases/25/01/n43221488/television-market-to-grow-by-usd-73-1-billion-2025-2029-driven-by-innovation-and-premiumization-re,20250127T083100,0.218132,Somewhat-Bullish,,,,1.0,Bullish,,,NFLX,-0.023098,Neutral,0.023673,0.614606,Bullish,,,,,,,,,,,,,,,,
"Television Market to Grow by USD 73.1 Billion  ( 2025-2029 ) , Driven by Innovation and Premiumization, Report Highlights AI Impact on Market Trends - Technavio",https://www.benzinga.com/pressreleases/25/01/n43221488/television-market-to-grow-by-usd-73-1-billion-2025-2029-driven-by-innovation-and-premiumization-re,20250127T083100,0.218132,Somewhat-Bullish,,,,1.0,Bullish,,,SHCAF,0.0,Neutral,0.023673,0.614606,Bullish,,,,,,,,,,,,,,,,
"Television Market to Grow by USD 73.1 Billion  ( 2025-2029 ) , Driven by Innovation and Premiumization, Report Highlights AI Impact on Market Trends - Technavio",https://www.benzinga.com/pressreleases/25/01/n43221488/television-market-to-grow-by-usd-73-1-billion-2025-2029-driven-by-innovation-and-premiumization-re,20250127T083100,0.218132,Somewhat-Bullish,,,,1.0,Bullish,,,SNEJF,0.03565,Neutral,0.047324,0.614606,Bullish,,,,,,,,,,,,,,,,
"Television Market to Grow by USD 73.1 Billion  ( 2025-2029 ) , Driven by Innovation and Premiumization, Report Highlights AI Impact on Market Trends - Technavio",https://www.benzinga.com/pressreleases/25/01/n43221488/television-market-to-grow-by-usd-73-1-billion-2025-2029-driven-by-innovation-and-premiumization-re,20250127T083100,0.218132,Somewhat-Bullish,,,,1.0,Bullish,,,SSNLF,0.03565,Neutral,0.047324,0.614606,Bullish,,,,,,,,,,,,,,,,
"Television Market to Grow by USD 73.1 Billion  ( 2025-2029 ) , Driven by Innovation and Premiumization, Report Highlights AI Impact on Market Trends - Technavio",https://www.benzinga.com/pressreleases/25/01/n43221488/television-market-to-grow-by-usd-73-1-billion-2025-2029-driven-by-innovation-and-premiumization-re,20250127T083100,0.218132,Somewhat-Bullish,,,,1.0,Bullish,,,AAPL,0.0,Neutral,0.023673,0.614606,Bullish,,,,,,,,,,,,,,,,
"Television Market to Grow by USD 73.1 Billion  ( 2025-2029 ) , Driven by Innovation and Premiumization, Report Highlights AI Impact on Market Trends - Technavio",https://www.benzinga.com/pressreleases/25/01/n43221488/television-market-to-grow-by-usd-73-1-billion-2025-2029-driven-by-innovation-and-premiumization-re,20250127T083100,0.218132,Somewhat-Bullish,,,,1.0,Bullish,,,SWDHF,0.0,Neutral,0.023673,0.614606,Bullish,,,,,,,,,,,,,,,,
"Television Market to Grow by USD 73.1 Billion  ( 2025-2029 ) , Driven by Innovation and Premiumization, Report Highlights AI Impact on Market Trends - Technavio",https://www.benzinga.com/pressreleases/25/01/n43221488/television-market-to-grow-by-usd-73-1-billion-2025-2029-driven-by-innovation-and-premiumization-re,20250127T083100,0.218132,Somewhat-Bullish,,,,1.0,Bullish,,,PCRFF,0.0,Neutral,0.023673,0.614606,Bullish,,,,,,,,,,,,,,,,
"Television Market to Grow by USD 73.1 Billion  ( 2025-2029 ) , Driven by Innovation and Premiumization, Report Highlights AI Impact on Market Trends - Technavio",https://www.benzinga.com/pressreleases/25/01/n43221488/television-market-to-grow-by-usd-73-1-billion-2025-2029-driven-by-innovation-and-premiumization-re,20250127T083100,0.218132,Somewhat-Bullish,,,,1.0,Bullish,,,XIACY,0.0,Neutral,0.023673,0.614606,Bullish,,,,,,,,,,,,,,,,
"Television Market to Grow by USD 73.1 Billion  ( 2025-2029 ) , Driven by Innovation and Premiumization, Report Highlights AI Impact on Market Trends - Technavio",https://www.benzinga.com/pressreleases/25/01/n43221488/television-market-to-grow-by-usd-73-1-billion-2025-2029-driven-by-innovation-and-premiumization-re,20250127T083100,0.218132,Somewhat-Bullish,,,,1.0,Bullish,,,HSHCY,0.0,Neutral,0.023673,0.614606,Bullish,,,,,,,,,,,,,,,,
"Despite Peter Thiel Ties, JD Vance Warns Of Big Tech Billionaires' Excessive Clout: They've Got 'Too Much Power' - Apple  ( NASDAQ:AAPL ) , Amazon.com  ( NASDAQ:AMZN ) ",https://www.benzinga.com/media/25/01/43220499/despite-peter-thiel-ties-jd-vance-warns-of-big-tech-billionaires-excessive-clout-theyve-got-too-much-power,20250127T054542,0.23678,Somewhat-Bullish,,,,0.5,Bullish,0.5,Bullish,PYPL,-0.136409,Neutral,0.127456,0.360215,Bullish,,,,,,,,,,,,,,,,
"Despite Peter Thiel Ties, JD Vance Warns Of Big Tech Billionaires' Excessive Clout: They've Got 'Too Much Power' - Apple  ( NASDAQ:AAPL ) , Amazon.com  ( NASDAQ:AMZN ) ",https://www.benzinga.com/media/25/01/43220499/despite-peter-thiel-ties-jd-vance-warns-of-big-tech-billionaires-excessive-clout-theyve-got-too-much-power,20250127T054542,0.23678,Somewhat-Bullish,,,,0.5,Bullish,0.5,Bullish,META,0.0,Neutral,0.25168,0.360215,Bullish,,,,,,,,,,,,,,,,
"Despite Peter Thiel Ties, JD Vance Warns Of Big Tech Billionaires' Excessive Clout: They've Got 'Too Much Power' - Apple  ( NASDAQ:AAPL ) , Amazon.com  ( NASDAQ:AMZN ) ",https://www.benzinga.com/media/25/01/43220499/despite-peter-thiel-ties-jd-vance-warns-of-big-tech-billionaires-excessive-clout-theyve-got-too-much-power,20250127T054542,0.23678,Somewhat-Bullish,,,,0.5,Bullish,0.5,Bullish,AAPL,0.0,Neutral,0.25168,0.360215,Bullish,,,,,,,,,,,,,,,,
"Despite Peter Thiel Ties, JD Vance Warns Of Big Tech Billionaires' Excessive Clout: They've Got 'Too Much Power' - Apple  ( NASDAQ:AAPL ) , Amazon.com  ( NASDAQ:AMZN ) ",https://www.benzinga.com/media/25/01/43220499/despite-peter-thiel-ties-jd-vance-warns-of-big-tech-billionaires-excessive-clout-theyve-got-too-much-power,20250127T054542,0.23678,Somewhat-Bullish,,,,0.5,Bullish,0.5,Bullish,TSLA,0.0,Neutral,0.25168,0.360215,Bullish,,,,,,,,,,,,,,,,
Apple AirPods With Cameras? Rumors Persist About Next-Gen Features - Apple  ( NASDAQ:AAPL ) ,https://www.benzinga.com/tech/25/01/43220055/apple-airpods-with-cameras-rumors-persist-about-next-gen-features,20250127T024611,0.135029,Neutral,,,,1.0,Bullish,,,AAPL,0.027604,Neutral,0.56296,0.161647,Somewhat-Bullish,,,,,,,,,,,,,,,,
"Apple's Augmented Reality Gamble Faces Challenges As Rivals Surge Ahead In AI and Design - Alphabet  ( NASDAQ:GOOGL ) , Apple  ( NASDAQ:AAPL ) ",https://www.benzinga.com/tech/25/01/43219433/apples-augmented-reality-gamble-faces-challenges-as-rivals-surge-ahead-in-ai-and-design,20250126T212020,0.307061,Somewhat-Bullish,,0.451494,Bullish,1.0,Bullish,,,SSNLF,0.307697,Somewhat-Bullish,0.370418,,,,,,,,,,,,,,,,,,
"Apple's Augmented Reality Gamble Faces Challenges As Rivals Surge Ahead In AI and Design - Alphabet  ( NASDAQ:GOOGL ) , Apple  ( NASDAQ:AAPL ) ",https://www.benzinga.com/tech/25/01/43219433/apples-augmented-reality-gamble-faces-challenges-as-rivals-surge-ahead-in-ai-and-design,20250126T212020,0.307061,Somewhat-Bullish,,0.451494,Bullish,1.0,Bullish,,,GOOG,0.261851,Somewhat-Bullish,0.300394,,,,,,,,,,,,,,,,,,
"Apple's Augmented Reality Gamble Faces Challenges As Rivals Surge Ahead In AI and Design - Alphabet  ( NASDAQ:GOOGL ) , Apple  ( NASDAQ:AAPL ) ",https://www.benzinga.com/tech/25/01/43219433/apples-augmented-reality-gamble-faces-challenges-as-rivals-surge-ahead-in-ai-and-design,20250126T212020,0.307061,Somewhat-Bullish,,0.451494,Bullish,1.0,Bullish,,,META,0.228808,Somewhat-Bullish,0.152983,,,,,,,,,,,,,,,,,,
"Apple's Augmented Reality Gamble Faces Challenges As Rivals Surge Ahead In AI and Design - Alphabet  ( NASDAQ:GOOGL ) , Apple  ( NASDAQ:AAPL ) ",https://www.benzinga.com/tech/25/01/43219433/apples-augmented-reality-gamble-faces-challenges-as-rivals-surge-ahead-in-ai-and-design,20250126T212020,0.307061,Somewhat-Bullish,,0.451494,Bullish,1.0,Bullish,,,AAPL,0.374061,Bullish,0.55971,,,,,,,,,,,,,,,,,,
"Elon Musk Questions Stargate Funding, Sam Altman's Flip Flop On Trump, OpenAI's Operator: This Week In AI - Rigetti Computing  ( NASDAQ:RGTI ) ",https://www.benzinga.com/25/01/43218411/elon-musk-questions-stargate-funding-sam-altmans-flip-flop-on-trump-openais-operator-this-week-in-ai,20250126T140042,0.351837,Bullish,,,,0.5,Bullish,0.5,Bullish,NVDA,0.095265,Neutral,0.09439,0.161647,Somewhat-Bullish,,,,,,,,,,,,,,,,
"Elon Musk Questions Stargate Funding, Sam Altman's Flip Flop On Trump, OpenAI's Operator: This Week In AI - Rigetti Computing  ( NASDAQ:RGTI ) ",https://www.benzinga.com/25/01/43218411/elon-musk-questions-stargate-funding-sam-altmans-flip-flop-on-trump-openais-operator-this-week-in-ai,20250126T140042,0.351837,Bullish,,,,0.5,Bullish,0.5,Bullish,ORCL,0.095265,Neutral,0.09439,0.161647,Somewhat-Bullish,,,,,,,,,,,,,,,,
"Elon Musk Questions Stargate Funding, Sam Altman's Flip Flop On Trump, OpenAI's Operator: This Week In AI - Rigetti Computing  ( NASDAQ:RGTI ) ",https://www.benzinga.com/25/01/43218411/elon-musk-questions-stargate-funding-sam-altmans-flip-flop-on-trump-openais-operator-this-week-in-ai,20250126T140042,0.351837,Bullish,,,,0.5,Bullish,0.5,Bullish,AAPL,0.437902,Bullish,0.36472,0.161647,Somewhat-Bullish,,,,,,,,,,,,,,,,
"Elon Musk Questions Stargate Funding, Sam Altman's Flip Flop On Trump, OpenAI's Operator: This Week In AI - Rigetti Computing  ( NASDAQ:RGTI ) ",https://www.benzinga.com/25/01/43218411/elon-musk-questions-stargate-funding-sam-altmans-flip-flop-on-trump-openais-operator-this-week-in-ai,20250126T140042,0.351837,Bullish,,,,0.5,Bullish,0.5,Bullish,TSLA,0.167822,Somewhat-Bullish,0.09439,0.161647,Somewhat-Bullish,,,,,,,,,,,,,,,,
"Elon Musk Questions Stargate Funding, Sam Altman's Flip Flop On Trump, OpenAI's Operator: This Week In AI - Rigetti Computing  ( NASDAQ:RGTI ) ",https://www.benzinga.com/25/01/43218411/elon-musk-questions-stargate-funding-sam-altmans-flip-flop-on-trump-openais-operator-this-week-in-ai,20250126T140042,0.351837,Bullish,,,,0.5,Bullish,0.5,Bullish,RGTI,0.17051,Somewhat-Bullish,0.277958,0.161647,Somewhat-Bullish,,,,,,,,,,,,,,,,
"Elon Musk Questions Stargate Funding, Sam Altman's Flip Flop On Trump, OpenAI's Operator: This Week In AI - Rigetti Computing  ( NASDAQ:RGTI ) ",https://www.benzinga.com/25/01/43218411/elon-musk-questions-stargate-funding-sam-altmans-flip-flop-on-trump-openais-operator-this-week-in-ai,20250126T140042,0.351837,Bullish,,,,0.5,Bullish,0.5,Bullish,SFTBF,0.185331,Somewhat-Bullish,0.187463,0.161647,Somewhat-Bullish,,,,,,,,,,,,,,,,
Warren Buffett Has $69.9 Billion Invested in This Dividend-Paying Stock. Is It a Buy Now?,https://www.fool.com/investing/2025/01/26/warren-buffett-has-699-billion-invested-in-this-di/,20250126T134400,0.161897,Somewhat-Bullish,,0.967321,Bullish,0.5,Bullish,,,AAPL,0.320873,Somewhat-Bullish,0.63878,0.999997,Bullish,,,0.5,Bullish,,,,,,,,,,,,
Warren Buffett Has $69.9 Billion Invested in This Dividend-Paying Stock. Is It a Buy Now?,https://www.fool.com/investing/2025/01/26/warren-buffett-has-699-billion-invested-in-this-di/,20250126T134400,0.161897,Somewhat-Bullish,,0.967321,Bullish,0.5,Bullish,,,BRK-A,0.160928,Somewhat-Bullish,0.103778,0.999997,Bullish,,,0.5,Bullish,,,,,,,,,,,,
"Apple's Rough Start To 2025, Stock Woes, AI Shakeups, And More: This Week In Appleverse - Apple  ( NASDAQ:AAPL ) ",https://www.benzinga.com/25/01/43218087/apples-rough-start-to-2025-stock-woes-ai-shakeups-and-more-this-week-in-appleverse,20250126T120043,0.072931,Neutral,,,,1.0,Bullish,,,AAPL,0.011209,Neutral,0.651499,0.161647,Somewhat-Bullish,,,,,,,,,,,,,,,,
Is This Simple Index Fund a Millionaire Maker?,https://www.fool.com/investing/2025/01/26/is-this-simple-index-fund-a-millionaire-maker/,20250126T115100,0.217492,Somewhat-Bullish,,,,0.5,Bullish,0.5,Bullish,MSFT,0.062348,Neutral,0.100099,0.999986,Bullish,,,,,,,,,,,,,,,,
Is This Simple Index Fund a Millionaire Maker?,https://www.fool.com/investing/2025/01/26/is-this-simple-index-fund-a-millionaire-maker/,20250126T115100,0.217492,Somewhat-Bullish,,,,0.5,Bullish,0.5,Bullish,NVDA,0.062348,Neutral,0.100099,0.999986,Bullish,,,,,,,,,,,,,,,,
Is This Simple Index Fund a Millionaire Maker?,https://www.fool.com/investing/2025/01/26/is-this-simple-index-fund-a-millionaire-maker/,20250126T115100,0.217492,Somewhat-Bullish,,,,0.5,Bullish,0.5,Bullish,AAPL,0.062348,Neutral,0.100099,0.999986,Bullish,,,,,,,,,,,,,,,,
Apple Receives Rare Underperform Rating from Wall Street Analyst. Is It Time to Sell the Stock?,https://www.fool.com/investing/2025/01/25/apple-receives-rare-underperform-rating-from-wall/,20250125T233200,0.124178,Neutral,,1.0,Bullish,1.0,Bullish,,,GOOG,0.06699,Neutral,0.049424,0.266143,Somewhat-Bullish,,,,,,,,,,,,,,,,
Apple Receives Rare Underperform Rating from Wall Street Analyst. Is It Time to Sell the Stock?,https://www.fool.com/investing/2025/01/25/apple-receives-rare-underperform-rating-from-wall/,20250125T233200,0.124178,Neutral,,1.0,Bullish,1.0,Bullish,,,AAPL,0.168119,Somewhat-Bullish,0.707988,0.266143,Somewhat-Bullish,,,,,,,,,,,,,,,,
"Consumer Tech News  ( Jan 20-Jan 24 ) : Trump Revokes Biden's AI Policies, Meta Launches New 'Edits' App To Lure TikTok Users & More - Apple  ( NASDAQ:AAPL ) , Electronic Arts  ( NASDAQ:EA ) ",https://www.benzinga.com/news/large-cap/25/01/43216486/consumer-tech-news-jan-20-jan-24-trump-revokes-bidens-ai-policies-meta-launches-new-edits-app-to-l,20250125T160048,0.199509,Somewhat-Bullish,,0.360215,Bullish,0.5,Bullish,0.5,Bullish,MSFT,0.002114,Neutral,0.267804,,,,,,,,,,,,,,,,,,
"Consumer Tech News  ( Jan 20-Jan 24 ) : Trump Revokes Biden's AI Policies, Meta Launches New 'Edits' App To Lure TikTok Users & More - Apple  ( NASDAQ:AAPL ) , Electronic Arts  ( NASDAQ:EA ) ",https://www.benzinga.com/news/large-cap/25/01/43216486/consumer-tech-news-jan-20-jan-24-trump-revokes-bidens-ai-policies-meta-launches-new-edits-app-to-l,20250125T160048,0.199509,Somewhat-Bullish,,0.360215,Bullish,0.5,Bullish,0.5,Bullish,SSNLF,0.0,Neutral,0.18046,,,,,,,,,,,,,,,,,,
"Consumer Tech News  ( Jan 20-Jan 24 ) : Trump Revokes Biden's AI Policies, Meta Launches New 'Edits' App To Lure TikTok Users & More - Apple  ( NASDAQ:AAPL ) , Electronic Arts  ( NASDAQ:EA ) ",https://www.benzinga.com/news/large-cap/25/01/43216486/consumer-tech-news-jan-20-jan-24-trump-revokes-bidens-ai-policies-meta-launches-new-edits-app-to-l,20250125T160048,0.199509,Somewhat-Bullish,,0.360215,Bullish,0.5,Bullish,0.5,Bullish,GOOG,0.0,Neutral,0.18046,,,,,,,,,,,,,,,,,,
"Consumer Tech News  ( Jan 20-Jan 24 ) : Trump Revokes Biden's AI Policies, Meta Launches New 'Edits' App To Lure TikTok Users & More - Apple  ( NASDAQ:AAPL ) , Electronic Arts  ( NASDAQ:EA ) ",https://www.benzinga.com/news/large-cap/25/01/43216486/consumer-tech-news-jan-20-jan-24-trump-revokes-bidens-ai-policies-meta-launches-new-edits-app-to-l,20250125T160048,0.199509,Somewhat-Bullish,,0.360215,Bullish,0.5,Bullish,0.5,Bullish,META,0.350982,Bullish,0.18046,,,,,,,,,,,,,,,,,,
"Consumer Tech News  ( Jan 20-Jan 24 ) : Trump Revokes Biden's AI Policies, Meta Launches New 'Edits' App To Lure TikTok Users & More - Apple  ( NASDAQ:AAPL ) , Electronic Arts  ( NASDAQ:EA ) ",https://www.benzinga.com/news/large-cap/25/01/43216486/consumer-tech-news-jan-20-jan-24-trump-revokes-bidens-ai-policies-meta-launches-new-edits-app-to-l,20250125T160048,0.199509,Somewhat-Bullish,,0.360215,Bullish,0.5,Bullish,0.5,Bullish,AAPL,0.180597,Somewhat-Bullish,0.18046,,,,,,,,,,,,,,,,,,
"Consumer Tech News  ( Jan 20-Jan 24 ) : Trump Revokes Biden's AI Policies, Meta Launches New 'Edits' App To Lure TikTok Users & More - Apple  ( NASDAQ:AAPL ) , Electronic Arts  ( NASDAQ:EA ) ",https://www.benzinga.com/news/large-cap/25/01/43216486/consumer-tech-news-jan-20-jan-24-trump-revokes-bidens-ai-policies-meta-launches-new-edits-app-to-l,20250125T160048,0.199509,Somewhat-Bullish,,0.360215,Bullish,0.5,Bullish,0.5,Bullish,TSLA,-0.301873,Somewhat-Bearish,0.18046,,,,,,,,,,,,,,,,,,
"Consumer Tech News  ( Jan 20-Jan 24 ) : Trump Revokes Biden's AI Policies, Meta Launches New 'Edits' App To Lure TikTok Users & More - Apple  ( NASDAQ:AAPL ) , Electronic Arts  ( NASDAQ:EA ) ",https://www.benzinga.com/news/large-cap/25/01/43216486/consumer-tech-news-jan-20-jan-24-trump-revokes-bidens-ai-policies-meta-launches-new-edits-app-to-l,20250125T160048,0.199509,Somewhat-Bullish,,0.360215,Bullish,0.5,Bullish,0.5,Bullish,EA,0.040223,Neutral,0.267804,,,,,,,,,,,,,,,,,,
This Chip Stock Could Be the Best Investment of the Decade,https://www.fool.com/investing/2025/01/25/this-chip-stock-could-be-the-best-investment-of-th/,20250125T123000,0.29661,Somewhat-Bullish,,0.972756,Bullish,0.5,Bullish,0.5,Bullish,AMD,0.0,Neutral,0.07031,0.214378,Somewhat-Bullish,,,,,,,,,,,,,,,,
This Chip Stock Could Be the Best Investment of the Decade,https://www.fool.com/investing/2025/01/25/this-chip-stock-could-be-the-best-investment-of-th/,20250125T123000,0.29661,Somewhat-Bullish,,0.972756,Bullish,0.5,Bullish,0.5,Bullish,NVDA,0.0,Neutral,0.07031,0.214378,Somewhat-Bullish,,,,,,,,,,,,,,,,
This Chip Stock Could Be the Best Investment of the Decade,https://www.fool.com/investing/2025/01/25/this-chip-stock-could-be-the-best-investment-of-th/,20250125T123000,0.29661,Somewhat-Bullish,,0.972756,Bullish,0.5,Bullish,0.5,Bullish,AAPL,0.0,Neutral,0.07031,0.214378,Somewhat-Bullish,,,,,,,,,,,,,,,,
Warren Buffett Could Make Over $3 Billion in Dividend Income in 2025 From These 5 Stocks,https://www.fool.com/investing/2025/01/25/warren-buffett-dividend-income-stocks-2025/,20250125T105200,0.282652,Somewhat-Bullish,,,,0.25,Somewhat-Bullish,0.25,Somewhat-Bullish,AXP,0.215005,Somewhat-Bullish,0.179343,0.365926,Bullish,,,0.25,Somewhat-Bullish,,,,,0.25,Somewhat-Bullish,,,,,,
Warren Buffett Could Make Over $3 Billion in Dividend Income in 2025 From These 5 Stocks,https://www.fool.com/investing/2025/01/25/warren-buffett-dividend-income-stocks-2025/,20250125T105200,0.282652,Somewhat-Bullish,,,,0.25,Somewhat-Bullish,0.25,Somewhat-Bullish,AAPL,0.205744,Somewhat-Bullish,0.294446,0.365926,Bullish,,,0.25,Somewhat-Bullish,,,,,0.25,Somewhat-Bullish,,,,,,
Warren Buffett Could Make Over $3 Billion in Dividend Income in 2025 From These 5 Stocks,https://www.fool.com/investing/2025/01/25/warren-buffett-dividend-income-stocks-2025/,20250125T105200,0.282652,Somewhat-Bullish,,,,0.25,Somewhat-Bullish,0.25,Somewhat-Bullish,BAC,0.0,Neutral,0.179343,0.365926,Bullish,,,0.25,Somewhat-Bullish,,,,,0.25,Somewhat-Bullish,,,,,,
Warren Buffett Could Make Over $3 Billion in Dividend Income in 2025 From These 5 Stocks,https://www.fool.com/investing/2025/01/25/warren-buffett-dividend-income-stocks-2025/,20250125T105200,0.282652,Somewhat-Bullish,,,,0.25,Somewhat-Bullish,0.25,Somewhat-Bullish,CVX,0.297945,Somewhat-Bullish,0.294446,0.365926,Bullish,,,0.25,Somewhat-Bullish,,,,,0.25,Somewhat-Bullish,,,,,,
Warren Buffett Could Make Over $3 Billion in Dividend Income in 2025 From These 5 Stocks,https://www.fool.com/investing/2025/01/25/warren-buffett-dividend-income-stocks-2025/,20250125T105200,0.282652,Somewhat-Bullish,,,,0.25,Somewhat-Bullish,0.25,Somewhat-Bullish,KO,0.226678,Somewhat-Bullish,0.294446,0.365926,Bullish,,,0.25,Somewhat-Bullish,,,,,0.25,Somewhat-Bullish,,,,,,
Warren Buffett Could Make Over $3 Billion in Dividend Income in 2025 From These 5 Stocks,https://www.fool.com/investing/2025/01/25/warren-buffett-dividend-income-stocks-2025/,20250125T105200,0.282652,Somewhat-Bullish,,,,0.25,Somewhat-Bullish,0.25,Somewhat-Bullish,BRK-A,0.182662,Somewhat-Bullish,0.179343,0.365926,Bullish,,,0.25,Somewhat-Bullish,,,,,0.25,Somewhat-Bullish,,,,,,
"Epic Games Expands Mobile Store, Launches Free Games Program: To Cover iOS Developer Fees",https://www.benzinga.com/25/01/43215558/epic-games-expands-mobile-store-launches-free-games-program-to-cover-ios-developer-fees,20250125T091352,0.20565,Somewhat-Bullish,,,,1.0,Bullish,,,GOOG,0.048643,Neutral,0.090134,,,,,,,,,,,,,,,,,,
"Epic Games Expands Mobile Store, Launches Free Games Program: To Cover iOS Developer Fees",https://www.benzinga.com/25/01/43215558/epic-games-expands-mobile-store-launches-free-games-program-to-cover-ios-developer-fees,20250125T091352,0.20565,Somewhat-Bullish,,,,1.0,Bullish,,,AAPL,0.075597,Neutral,0.090134,,,,,,,,,,,,,,,,,,
Apple Stock Nears Critical Level Amid Worst Start Since 2008: 'When You Get Names Starting To Flirt With It...You Kind Of Lose Confidence' - Apple  ( NASDAQ:AAPL ) ,https://www.benzinga.com/markets/equities/25/01/43215545/apple-stock-nears-critical-level-amid-worst-start-start-to-the-year-since-2008-when-you-get-name,20250125T090634,0.1291,Neutral,,0.451494,Bullish,0.333333,Somewhat-Bullish,0.333333,Somewhat-Bullish,BAC,0.098161,Neutral,0.085629,0.938793,Bullish,,,0.333333,Somewhat-Bullish,,,,,,,,,,,,
Apple Stock Nears Critical Level Amid Worst Start Since 2008: 'When You Get Names Starting To Flirt With It...You Kind Of Lose Confidence' - Apple  ( NASDAQ:AAPL ) ,https://www.benzinga.com/markets/equities/25/01/43215545/apple-stock-nears-critical-level-amid-worst-start-start-to-the-year-since-2008-when-you-get-name,20250125T090634,0.1291,Neutral,,0.451494,Bullish,0.333333,Somewhat-Bullish,0.333333,Somewhat-Bullish,NVDA,0.109617,Neutral,0.085629,0.938793,Bullish,,,0.333333,Somewhat-Bullish,,,,,,,,,,,,
Apple Stock Nears Critical Level Amid Worst Start Since 2008: 'When You Get Names Starting To Flirt With It...You Kind Of Lose Confidence' - Apple  ( NASDAQ:AAPL ) ,https://www.benzinga.com/markets/equities/25/01/43215545/apple-stock-nears-critical-level-amid-worst-start-start-to-the-year-since-2008-when-you-get-name,20250125T090634,0.1291,Neutral,,0.451494,Bullish,0.333333,Somewhat-Bullish,0.333333,Somewhat-Bullish,AAPL,0.225146,Somewhat-Bullish,0.548363,0.938793,Bullish,,,0.333333,Somewhat-Bullish,,,,,,,,,,,,
Billionaire Steven Cohen Sells Apple Stock and Buys a Little-Known AI Stock Up 500% in Less Than 3 Years,https://www.fool.com/investing/2025/01/25/billionaire-sells-apple-stock-buys-ai-stock-up-500/,20250125T082500,0.203259,Somewhat-Bullish,,0.99986,Bullish,0.5,Bullish,0.5,Bullish,AXON,0.136852,Neutral,0.135602,0.316726,Somewhat-Bullish,,,,,,,,,,,,,,,,
Billionaire Steven Cohen Sells Apple Stock and Buys a Little-Known AI Stock Up 500% in Less Than 3 Years,https://www.fool.com/investing/2025/01/25/billionaire-sells-apple-stock-buys-ai-stock-up-500/,20250125T082500,0.203259,Somewhat-Bullish,,0.99986,Bullish,0.5,Bullish,0.5,Bullish,GOOG,-0.071659,Neutral,0.045396,0.316726,Somewhat-Bullish,,,,,,,,,,,,,,,,
Billionaire Steven Cohen Sells Apple Stock and Buys a Little-Known AI Stock Up 500% in Less Than 3 Years,https://www.fool.com/investing/2025/01/25/billionaire-sells-apple-stock-buys-ai-stock-up-500/,20250125T082500,0.203259,Somewhat-Bullish,,0.99986,Bullish,0.5,Bullish,0.5,Bullish,AAPL,0.14514,Neutral,0.505464,0.316726,Somewhat-Bullish,,,,,,,,,,,,,,,,
Billionaire Steven Cohen Sells Apple Stock and Buys a Little-Known AI Stock Up 500% in Less Than 3 Years,https://www.fool.com/investing/2025/01/25/billionaire-sells-apple-stock-buys-ai-stock-up-500/,20250125T082500,0.203259,Somewhat-Bullish,,0.99986,Bullish,0.5,Bullish,0.5,Bullish,DSSMY,0.037539,Neutral,0.045396,0.316726,Somewhat-Bullish,,,,,,,,,,,,,,,,
"Apple Shakes Up AI Division, Taps Veteran Kim Vorrath To Bolster Siri - Apple  ( NASDAQ:AAPL ) ",https://www.benzinga.com/25/01/43215468/apple-shakes-up-ai-division-taps-veteran-kim-vorrath-to-bolster-siri,20250125T082253,0.148657,Neutral,,0.360215,Bullish,1.0,Bullish,,,AAPL,0.055604,Neutral,0.633079,,,,,,,,,,,,,,,,,,
"Apple's iPhone 17 Dynamic Island To Remain 'Largely Unchanged' Despite Prior Rumors, Says Top Analyst - Apple  ( NASDAQ:AAPL ) ",https://www.benzinga.com/25/01/43215414/apples-iphone-17-dynamic-island-to-remain-largely-unchanged-despite-prior-rumors-says-top-analyst,20250125T074308,0.197941,Somewhat-Bullish,,0.650727,Bullish,1.0,Bullish,,,AAPL,0.142208,Neutral,0.694349,,,,,,,,,,,,,,,,,,
"Gaming Market to Grow by USD 100.8 Billion  ( 2025-2029 ) , Driven by AR and VR Game Adoption, Report Highlights AI Impact on Market Trends - Technavio",https://www.benzinga.com/pressreleases/25/01/n43214682/gaming-market-to-grow-by-usd-100-8-billion-2025-2029-driven-by-ar-and-vr-game-adoption-report-high,20250125T041800,0.329858,Somewhat-Bullish,,0.108179,Neutral,1.0,Bullish,,,MSFT,0.107158,Neutral,0.021237,0.108179,Neutral,,,,,,,,,,,,,,,,
"Gaming Market to Grow by USD 100.8 Billion  ( 2025-2029 ) , Driven by AR and VR Game Adoption, Report Highlights AI Impact on Market Trends - Technavio",https://www.benzinga.com/pressreleases/25/01/n43214682/gaming-market-to-grow-by-usd-100-8-billion-2025-2029-driven-by-ar-and-vr-game-adoption-report-high,20250125T041800,0.329858,Somewhat-Bullish,,0.108179,Neutral,1.0,Bullish,,,NTES,0.107158,Neutral,0.021237,0.108179,Neutral,,,,,,,,,,,,,,,,
"Gaming Market to Grow by USD 100.8 Billion  ( 2025-2029 ) , Driven by AR and VR Game Adoption, Report Highlights AI Impact on Market Trends - Technavio",https://www.benzinga.com/pressreleases/25/01/n43214682/gaming-market-to-grow-by-usd-100-8-billion-2025-2029-driven-by-ar-and-vr-game-adoption-report-high,20250125T041800,0.329858,Somewhat-Bullish,,0.108179,Neutral,1.0,Bullish,,,SNEJF,0.107158,Neutral,0.021237,0.108179,Neutral,,,,,,,,,,,,,,,,
"Gaming Market to Grow by USD 100.8 Billion  ( 2025-2029 ) , Driven by AR and VR Game Adoption, Report Highlights AI Impact on Market Trends - Technavio",https://www.benzinga.com/pressreleases/25/01/n43214682/gaming-market-to-grow-by-usd-100-8-billion-2025-2029-driven-by-ar-and-vr-game-adoption-report-high,20250125T041800,0.329858,Somewhat-Bullish,,0.108179,Neutral,1.0,Bullish,,,AAPL,0.107158,Neutral,0.021237,0.108179,Neutral,,,,,,,,,,,,,,,,
"Gaming Market to Grow by USD 100.8 Billion  ( 2025-2029 ) , Driven by AR and VR Game Adoption, Report Highlights AI Impact on Market Trends - Technavio",https://www.benzinga.com/pressreleases/25/01/n43214682/gaming-market-to-grow-by-usd-100-8-billion-2025-2029-driven-by-ar-and-vr-game-adoption-report-high,20250125T041800,0.329858,Somewhat-Bullish,,0.108179,Neutral,1.0,Bullish,,,NCBDF,0.107158,Neutral,0.021237,0.108179,Neutral,,,,,,,,,,,,,,,,
"Gaming Market to Grow by USD 100.8 Billion  ( 2025-2029 ) , Driven by AR and VR Game Adoption, Report Highlights AI Impact on Market Trends - Technavio",https://www.benzinga.com/pressreleases/25/01/n43214682/gaming-market-to-grow-by-usd-100-8-billion-2025-2029-driven-by-ar-and-vr-game-adoption-report-high,20250125T041800,0.329858,Somewhat-Bullish,,0.108179,Neutral,1.0,Bullish,,,NTDOF,0.107158,Neutral,0.021237,0.108179,Neutral,,,,,,,,,,,,,,,,
"Gaming Market to Grow by USD 100.8 Billion  ( 2025-2029 ) , Driven by AR and VR Game Adoption, Report Highlights AI Impact on Market Trends - Technavio",https://www.benzinga.com/pressreleases/25/01/n43214682/gaming-market-to-grow-by-usd-100-8-billion-2025-2029-driven-by-ar-and-vr-game-adoption-report-high,20250125T041800,0.329858,Somewhat-Bullish,,0.108179,Neutral,1.0,Bullish,,,DNACF,0.107158,Neutral,0.021237,0.108179,Neutral,,,,,,,,,,,,,,,,
"Gaming Market to Grow by USD 100.8 Billion  ( 2025-2029 ) , Driven by AR and VR Game Adoption, Report Highlights AI Impact on Market Trends - Technavio",https://www.benzinga.com/pressreleases/25/01/n43214682/gaming-market-to-grow-by-usd-100-8-billion-2025-2029-driven-by-ar-and-vr-game-adoption-report-high,20250125T041800,0.329858,Somewhat-Bullish,,0.108179,Neutral,1.0,Bullish,,,SQNXF,0.107158,Neutral,0.021237,0.108179,Neutral,,,,,,,,,,,,,,,,
"Gaming Market to Grow by USD 100.8 Billion  ( 2025-2029 ) , Driven by AR and VR Game Adoption, Report Highlights AI Impact on Market Trends - Technavio",https://www.benzinga.com/pressreleases/25/01/n43214682/gaming-market-to-grow-by-usd-100-8-billion-2025-2029-driven-by-ar-and-vr-game-adoption-report-high,20250125T041800,0.329858,Somewhat-Bullish,,0.108179,Neutral,1.0,Bullish,,,UBSFF,0.107158,Neutral,0.021237,0.108179,Neutral,,,,,,,,,,,,,,,,
"Gaming Market to Grow by USD 100.8 Billion  ( 2025-2029 ) , Driven by AR and VR Game Adoption, Report Highlights AI Impact on Market Trends - Technavio",https://www.benzinga.com/pressreleases/25/01/n43214682/gaming-market-to-grow-by-usd-100-8-billion-2025-2029-driven-by-ar-and-vr-game-adoption-report-high,20250125T041800,0.329858,Somewhat-Bullish,,0.108179,Neutral,1.0,Bullish,,,EA,0.107158,Neutral,0.021237,0.108179,Neutral,,,,,,,,,,,,,,,,
"Gaming Market to Grow by USD 100.8 Billion  ( 2025-2029 ) , Driven by AR and VR Game Adoption, Report Highlights AI Impact on Market Trends - Technavio",https://www.benzinga.com/pressreleases/25/01/n43214682/gaming-market-to-grow-by-usd-100-8-billion-2025-2029-driven-by-ar-and-vr-game-adoption-report-high,20250125T041800,0.329858,Somewhat-Bullish,,0.108179,Neutral,1.0,Bullish,,,TCTZF,0.143555,Neutral,0.042458,0.108179,Neutral,,,,,,,,,,,,,,,,
"Gaming Market to Grow by USD 100.8 Billion  ( 2025-2029 ) , Driven by AR and VR Game Adoption, Report Highlights AI Impact on Market Trends - Technavio",https://www.benzinga.com/pressreleases/25/01/n43214682/gaming-market-to-grow-by-usd-100-8-billion-2025-2029-driven-by-ar-and-vr-game-adoption-report-high,20250125T041800,0.329858,Somewhat-Bullish,,0.108179,Neutral,1.0,Bullish,,,DIS,0.107158,Neutral,0.021237,0.108179,Neutral,,,,,,,,,,,,,,,,
"Apple Co-Founder Steve Jobs In 1981 Said Homes Weren't Ready For Personal Computers - Three Years Later, Cupertino Launched The Macintosh And Made History - Apple  ( NASDAQ:AAPL ) ",https://www.benzinga.com/tech/25/01/43214225/apple-co-founder-steve-jobs-in-1981-said-homes-werent-ready-for-personal-computers-three-years-later-cuperti,20250125T013956,0.136477,Neutral,,0.108179,Neutral,1.0,Bullish,,,AAPL,0.06957,Neutral,0.466609,,,,,,,,,,,,,,,,,,
Mag 7 Earnings On Deck: A Closer Look,https://www.zacks.com/commentary/2403392/mag-7-earnings-on-deck-a-closer-look,20250125T003600,0.078258,Neutral,,1.0,Bullish,0.25,Somewhat-Bullish,0.25,Somewhat-Bullish,MSFT,-0.044105,Neutral,0.21193,0.214378,Somewhat-Bullish,,,,,,,,,0.25,Somewhat-Bullish,0.25,Somewhat-Bullish,,,,
Mag 7 Earnings On Deck: A Closer Look,https://www.zacks.com/commentary/2403392/mag-7-earnings-on-deck-a-closer-look,20250125T003600,0.078258,Neutral,,1.0,Bullish,0.25,Somewhat-Bullish,0.25,Somewhat-Bullish,GOOG,-0.074645,Neutral,0.042876,0.214378,Somewhat-Bullish,,,,,,,,,0.25,Somewhat-Bullish,0.25,Somewhat-Bullish,,,,
Mag 7 Earnings On Deck: A Closer Look,https://www.zacks.com/commentary/2403392/mag-7-earnings-on-deck-a-closer-look,20250125T003600,0.078258,Neutral,,1.0,Bullish,0.25,Somewhat-Bullish,0.25,Somewhat-Bullish,AAPL,-0.031618,Neutral,0.371523,0.214378,Somewhat-Bullish,,,,,,,,,0.25,Somewhat-Bullish,0.25,Somewhat-Bullish,,,,
Mag 7 Earnings On Deck: A Closer Look,https://www.zacks.com/commentary/2403392/mag-7-earnings-on-deck-a-closer-look,20250125T003600,0.078258,Neutral,,1.0,Bullish,0.25,Somewhat-Bullish,0.25,Somewhat-Bullish,TSLA,0.077792,Neutral,0.252987,0.214378,Somewhat-Bullish,,,,,,,,,0.25,Somewhat-Bullish,0.25,Somewhat-Bullish,,,,
Mag 7 Earnings On Deck: A Closer Look,https://www.zacks.com/commentary/2403392/mag-7-earnings-on-deck-a-closer-look,20250125T003600,0.078258,Neutral,,1.0,Bullish,0.25,Somewhat-Bullish,0.25,Somewhat-Bullish,SBUX,0.0,Neutral,0.042876,0.214378,Somewhat-Bullish,,,,,,,,,0.25,Somewhat-Bullish,0.25,Somewhat-Bullish,,,,
Mag 7 Earnings On Deck: A Closer Look,https://www.zacks.com/commentary/2403392/mag-7-earnings-on-deck-a-closer-look,20250125T003600,0.078258,Neutral,,1.0,Bullish,0.25,Somewhat-Bullish,0.25,Somewhat-Bullish,BIDU,-0.056564,Neutral,0.042876,0.214378,Somewhat-Bullish,,,,,,,,,0.25,Somewhat-Bullish,0.25,Somewhat-Bullish,,,,
Mag 7 Earnings On Deck: A Closer Look,https://www.zacks.com/commentary/2403392/mag-7-earnings-on-deck-a-closer-look,20250125T003600,0.078258,Neutral,,1.0,Bullish,0.25,Somewhat-Bullish,0.25,Somewhat-Bullish,IP,0.0,Neutral,0.042876,0.214378,Somewhat-Bullish,,,,,,,,,0.25,Somewhat-Bullish,0.25,Somewhat-Bullish,,,,
Mag 7 Earnings On Deck: A Closer Look,https://www.zacks.com/commentary/2403392/mag-7-earnings-on-deck-a-closer-look,20250125T003600,0.078258,Neutral,,1.0,Bullish,0.25,Somewhat-Bullish,0.25,Somewhat-Bullish,CCZ,0.0,Neutral,0.042876,0.214378,Somewhat-Bullish,,,,,,,,,0.25,Somewhat-Bullish,0.25,Somewhat-Bullish,,,,
Mag 7 Earnings On Deck: A Closer Look,https://www.zacks.com/commentary/2403392/mag-7-earnings-on-deck-a-closer-look,20250125T003600,0.078258,Neutral,,1.0,Bullish,0.25,Somewhat-Bullish,0.25,Somewhat-Bullish,LUV,0.0,Neutral,0.042876,0.214378,Somewhat-Bullish,,,,,,,,,0.25,Somewhat-Bullish,0.25,Somewhat-Bullish,,,,
Mag 7 Earnings On Deck: A Closer Look,https://www.zacks.com/commentary/2403392/mag-7-earnings-on-deck-a-closer-look,20250125T003600,0.078258,Neutral,,1.0,Bullish,0.25,Somewhat-Bullish,0.25,Somewhat-Bullish,TCTZF,-0.056564,Neutral,0.042876,0.214378,Somewhat-Bullish,,,,,,,,,0.25,Somewhat-Bullish,0.25,Somewhat-Bullish,,,,
Mag 7 Earnings On Deck: A Closer Look,https://www.zacks.com/commentary/2403392/mag-7-earnings-on-deck-a-closer-look,20250125T003600,0.078258,Neutral,,1.0,Bullish,0.25,Somewhat-Bullish,0.25,Somewhat-Bullish,BA,0.0,Neutral,0.042876,0.214378,Somewhat-Bullish,,,,,,,,,0.25,Somewhat-Bullish,0.25,Somewhat-Bullish,,,,
"Apple Q1 Earnings Might Not Miss A Beat, Even As iPhone Sales Stumble: Analyst - Apple  ( NASDAQ:AAPL ) , Qualcomm  ( NASDAQ:QCOM ) ",https://www.benzinga.com/25/01/43198886/apples-q1-earnings-might-not-miss-a-beat-even-as-iphone-sales-stumble-analyst,20250124T175425,0.250064,Somewhat-Bullish,,0.614606,Bullish,0.333333,Somewhat-Bullish,0.333333,Somewhat-Bullish,BAC,0.134674,Neutral,0.084423,0.360215,Bullish,,,0.333333,Somewhat-Bullish,,,,,,,,,,,,
"Apple Q1 Earnings Might Not Miss A Beat, Even As iPhone Sales Stumble: Analyst - Apple  ( NASDAQ:AAPL ) , Qualcomm  ( NASDAQ:QCOM ) ",https://www.benzinga.com/25/01/43198886/apples-q1-earnings-might-not-miss-a-beat-even-as-iphone-sales-stumble-analyst,20250124T175425,0.250064,Somewhat-Bullish,,0.614606,Bullish,0.333333,Somewhat-Bullish,0.333333,Somewhat-Bullish,QCOM,0.122652,Neutral,0.167904,0.360215,Bullish,,,0.333333,Somewhat-Bullish,,,,,,,,,,,,
"Apple Q1 Earnings Might Not Miss A Beat, Even As iPhone Sales Stumble: Analyst - Apple  ( NASDAQ:AAPL ) , Qualcomm  ( NASDAQ:QCOM ) ",https://www.benzinga.com/25/01/43198886/apples-q1-earnings-might-not-miss-a-beat-even-as-iphone-sales-stumble-analyst,20250124T175425,0.250064,Somewhat-Bullish,,0.614606,Bullish,0.333333,Somewhat-Bullish,0.333333,Somewhat-Bullish,AAPL,0.232521,Somewhat-Bullish,0.328455,0.360215,Bullish,,,0.333333,Somewhat-Bullish,,,,,,,,,,,,
"TikTok Ban Sparks Divide: Oracle Backs Trump While Apple, Google Play It Safe - Alphabet  ( NASDAQ:GOOGL ) , Oracle  ( NYSE:ORCL ) ",https://www.benzinga.com/25/01/43198088/tiktok-ban-sparks-divide-oracle-backs-trump-while-apple-google-play-it-safe,20250124T172440,0.166733,Somewhat-Bullish,,,,1.0,Bullish,,,GOOG,0.173064,Somewhat-Bullish,0.30569,0.108179,Neutral,,,,,,,,,,,,,,,,
"TikTok Ban Sparks Divide: Oracle Backs Trump While Apple, Google Play It Safe - Alphabet  ( NASDAQ:GOOGL ) , Oracle  ( NYSE:ORCL ) ",https://www.benzinga.com/25/01/43198088/tiktok-ban-sparks-divide-oracle-backs-trump-while-apple-google-play-it-safe,20250124T172440,0.166733,Somewhat-Bullish,,,,1.0,Bullish,,,ORCL,0.076784,Neutral,0.568148,0.108179,Neutral,,,,,,,,,,,,,,,,
"TikTok Ban Sparks Divide: Oracle Backs Trump While Apple, Google Play It Safe - Alphabet  ( NASDAQ:GOOGL ) , Oracle  ( NYSE:ORCL ) ",https://www.benzinga.com/25/01/43198088/tiktok-ban-sparks-divide-oracle-backs-trump-while-apple-google-play-it-safe,20250124T172440,0.166733,Somewhat-Bullish,,,,1.0,Bullish,,,AAPL,0.01597,Neutral,0.487546,0.108179,Neutral,,,,,,,,,,,,,,,,
"TikTok Ban Sparks Divide: Oracle Backs Trump While Apple, Google Play It Safe - Alphabet  ( NASDAQ:GOOGL ) , Oracle  ( NYSE:ORCL ) ",https://www.benzinga.com/25/01/43198088/tiktok-ban-sparks-divide-oracle-backs-trump-while-apple-google-play-it-safe,20250124T172440,0.166733,Somewhat-Bullish,,,,1.0,Bullish,,,AWON,0.233615,Somewhat-Bullish,0.104228,0.108179,Neutral,,,,,,,,,,,,,,,,
Questions and Answers on Your 5 Favorite Stocks,https://www.zacks.com/stock/news/2403156/questions-and-answers-on-your-5-favorite-stocks,20250124T171000,0.201094,Somewhat-Bullish,,0.890401,Bullish,0.25,Somewhat-Bullish,0.25,Somewhat-Bullish,GOLD,0.271895,Somewhat-Bullish,0.433877,0.980922,Bullish,,,0.25,Somewhat-Bullish,,,,,0.25,Somewhat-Bullish,,,,,,
Questions and Answers on Your 5 Favorite Stocks,https://www.zacks.com/stock/news/2403156/questions-and-answers-on-your-5-favorite-stocks,20250124T171000,0.201094,Somewhat-Bullish,,0.890401,Bullish,0.25,Somewhat-Bullish,0.25,Somewhat-Bullish,GOOG,0.120183,Neutral,0.065327,0.980922,Bullish,,,0.25,Somewhat-Bullish,,,,,0.25,Somewhat-Bullish,,,,,,
Questions and Answers on Your 5 Favorite Stocks,https://www.zacks.com/stock/news/2403156/questions-and-answers-on-your-5-favorite-stocks,20250124T171000,0.201094,Somewhat-Bullish,,0.890401,Bullish,0.25,Somewhat-Bullish,0.25,Somewhat-Bullish,AAPL,0.256879,Somewhat-Bullish,0.488007,0.980922,Bullish,,,0.25,Somewhat-Bullish,,,,,0.25,Somewhat-Bullish,,,,,,
Questions and Answers on Your 5 Favorite Stocks,https://www.zacks.com/stock/news/2403156/questions-and-answers-on-your-5-favorite-stocks,20250124T171000,0.201094,Somewhat-Bullish,,0.890401,Bullish,0.25,Somewhat-Bullish,0.25,Somewhat-Bullish,ANET,0.161215,Somewhat-Bullish,0.488007,0.980922,Bullish,,,0.25,Somewhat-Bullish,,,,,0.25,Somewhat-Bullish,,,,,,
Questions and Answers on Your 5 Favorite Stocks,https://www.zacks.com/stock/news/2403156/questions-and-answers-on-your-5-favorite-stocks,20250124T171000,0.201094,Somewhat-Bullish,,0.890401,Bullish,0.25,Somewhat-Bullish,0.25,Somewhat-Bullish,RCAT,0.134384,Neutral,0.377142,0.980922,Bullish,,,0.25,Somewhat-Bullish,,,,,0.25,Somewhat-Bullish,,,,,,
Questions and Answers on Your 5 Favorite Stocks,https://www.zacks.com/stock/news/2403156/questions-and-answers-on-your-5-favorite-stocks,20250124T171000,0.201094,Somewhat-Bullish,,0.890401,Bullish,0.25,Somewhat-Bullish,0.25,Somewhat-Bullish,NIO,-0.01189,Neutral,0.318074,0.980922,Bullish,,,0.25,Somewhat-Bullish,,,,,0.25,Somewhat-Bullish,,,,,,
Questions and Answers on Your 5 Favorite Stocks,https://www.zacks.com/stock/news/2403156/questions-and-answers-on-your-5-favorite-stocks,20250124T171000,0.201094,Somewhat-Bullish,,0.890401,Bullish,0.25,Somewhat-Bullish,0.25,Somewhat-Bullish,BRK-A,0.074654,Neutral,0.065327,0.980922,Bullish,,,0.25,Somewhat-Bullish,,,,,0.25,Somewhat-Bullish,,,,,,
"AI Agents To Replace Humans, Best Market Start For A New President Since 1985, Trump Bans Digital Dollar, Biggest Hike In Japan In 18 Years - SPDR S&P 500  ( ARCA:SPY ) ",https://www.benzinga.com/trading-ideas/25/01/43197117/ai-agents-to-replace-humans-best-market-start-for-a-new-president-since-1985-trump-bans-digital-dol,20250124T165026,0.229107,Somewhat-Bullish,,,,0.333333,Somewhat-Bullish,0.333333,Somewhat-Bullish,MSFT,-0.221922,Somewhat-Bearish,0.054732,0.999966,Bullish,0.158519,Somewhat-Bullish,0.333333,Somewhat-Bullish,,,,,,,,,,,,
"AI Agents To Replace Humans, Best Market Start For A New President Since 1985, Trump Bans Digital Dollar, Biggest Hike In Japan In 18 Years - SPDR S&P 500  ( ARCA:SPY ) ",https://www.benzinga.com/trading-ideas/25/01/43197117/ai-agents-to-replace-humans-best-market-start-for-a-new-president-since-1985-trump-bans-digital-dol,20250124T165026,0.229107,Somewhat-Bullish,,,,0.333333,Somewhat-Bullish,0.333333,Somewhat-Bullish,GOOG,0.204901,Somewhat-Bullish,0.054732,0.999966,Bullish,0.158519,Somewhat-Bullish,0.333333,Somewhat-Bullish,,,,,,,,,,,,
"AI Agents To Replace Humans, Best Market Start For A New President Since 1985, Trump Bans Digital Dollar, Biggest Hike In Japan In 18 Years - SPDR S&P 500  ( ARCA:SPY ) ",https://www.benzinga.com/trading-ideas/25/01/43197117/ai-agents-to-replace-humans-best-market-start-for-a-new-president-since-1985-trump-bans-digital-dol,20250124T165026,0.229107,Somewhat-Bullish,,,,0.333333,Somewhat-Bullish,0.333333,Somewhat-Bullish,META,-0.221922,Somewhat-Bearish,0.054732,0.999966,Bullish,0.158519,Somewhat-Bullish,0.333333,Somewhat-Bullish,,,,,,,,,,,,
"AI Agents To Replace Humans, Best Market Start For A New President Since 1985, Trump Bans Digital Dollar, Biggest Hike In Japan In 18 Years - SPDR S&P 500  ( ARCA:SPY ) ",https://www.benzinga.com/trading-ideas/25/01/43197117/ai-agents-to-replace-humans-best-market-start-for-a-new-president-since-1985-trump-bans-digital-dol,20250124T165026,0.229107,Somewhat-Bullish,,,,0.333333,Somewhat-Bullish,0.333333,Somewhat-Bullish,NVDA,-0.221922,Somewhat-Bearish,0.054732,0.999966,Bullish,0.158519,Somewhat-Bullish,0.333333,Somewhat-Bullish,,,,,,,,,,,,
"AI Agents To Replace Humans, Best Market Start For A New President Since 1985, Trump Bans Digital Dollar, Biggest Hike In Japan In 18 Years - SPDR S&P 500  ( ARCA:SPY ) ",https://www.benzinga.com/trading-ideas/25/01/43197117/ai-agents-to-replace-humans-best-market-start-for-a-new-president-since-1985-trump-bans-digital-dol,20250124T165026,0.229107,Somewhat-Bullish,,,,0.333333,Somewhat-Bullish,0.333333,Somewhat-Bullish,AAPL,0.204901,Somewhat-Bullish,0.054732,0.999966,Bullish,0.158519,Somewhat-Bullish,0.333333,Somewhat-Bullish,,,,,,,,,,,,
"AI Agents To Replace Humans, Best Market Start For A New President Since 1985, Trump Bans Digital Dollar, Biggest Hike In Japan In 18 Years - SPDR S&P 500  ( ARCA:SPY ) ",https://www.benzinga.com/trading-ideas/25/01/43197117/ai-agents-to-replace-humans-best-market-start-for-a-new-president-since-1985-trump-bans-digital-dol,20250124T165026,0.229107,Somewhat-Bullish,,,,0.333333,Somewhat-Bullish,0.333333,Somewhat-Bullish,TSLA,0.204901,Somewhat-Bullish,0.054732,0.999966,Bullish,0.158519,Somewhat-Bullish,0.333333,Somewhat-Bullish,,,,,,,,,,,,
"AI Agents To Replace Humans, Best Market Start For A New President Since 1985, Trump Bans Digital Dollar, Biggest Hike In Japan In 18 Years - SPDR S&P 500  ( ARCA:SPY ) ",https://www.benzinga.com/trading-ideas/25/01/43197117/ai-agents-to-replace-humans-best-market-start-for-a-new-president-since-1985-trump-bans-digital-dol,20250124T165026,0.229107,Somewhat-Bullish,,,,0.333333,Somewhat-Bullish,0.333333,Somewhat-Bullish,IVZ,-0.015054,Neutral,0.054732,0.999966,Bullish,0.158519,Somewhat-Bullish,0.333333,Somewhat-Bullish,,,,,,,,,,,,
"AI Agents To Replace Humans, Best Market Start For A New President Since 1985, Trump Bans Digital Dollar, Biggest Hike In Japan In 18 Years - SPDR S&P 500  ( ARCA:SPY ) ",https://www.benzinga.com/trading-ideas/25/01/43197117/ai-agents-to-replace-humans-best-market-start-for-a-new-president-since-1985-trump-bans-digital-dol,20250124T165026,0.229107,Somewhat-Bullish,,,,0.333333,Somewhat-Bullish,0.333333,Somewhat-Bullish,CRYPTO:BTC,-0.01414,Neutral,0.109206,0.999966,Bullish,0.158519,Somewhat-Bullish,0.333333,Somewhat-Bullish,,,,,,,,,,,,
"Inquiry Into Apple's Competitor Dynamics In Technology Hardware, Storage & Peripherals Industry - Apple  ( NASDAQ:AAPL ) ",https://www.benzinga.com/insights/news/25/01/43192696/inquiry-into-apples-competitor-dynamics-in-technology-hardware-storage-amp-peripherals-industry,20250124T150031,0.265532,Somewhat-Bullish,,0.95493,Bullish,1.0,Bullish,,,AAPL,0.38786,Bullish,0.524949,0.5855,Bullish,,,,,,,,,,,,,,,,
NFLX Beats Q4 Expectations: Here's Why the Stock Could Hit $1100 Soon,https://www.zacks.com/stock/news/2402769/nflx-beats-q4-expectations-heres-why-the-stock-could-hit-1100-soon,20250124T134200,0.455107,Bullish,,0.995973,Bullish,0.5,Bullish,,,NFLX,0.388865,Bullish,0.302708,0.5855,Bullish,,,,,,,,,,,0.5,Bullish,,,,
NFLX Beats Q4 Expectations: Here's Why the Stock Could Hit $1100 Soon,https://www.zacks.com/stock/news/2402769/nflx-beats-q4-expectations-heres-why-the-stock-could-hit-1100-soon,20250124T134200,0.455107,Bullish,,0.995973,Bullish,0.5,Bullish,,,AAPL,0.213401,Somewhat-Bullish,0.077468,0.5855,Bullish,,,,,,,,,,,0.5,Bullish,,,,
NFLX Beats Q4 Expectations: Here's Why the Stock Could Hit $1100 Soon,https://www.zacks.com/stock/news/2402769/nflx-beats-q4-expectations-heres-why-the-stock-could-hit-1100-soon,20250124T134200,0.455107,Bullish,,0.995973,Bullish,0.5,Bullish,,,AMZN,0.213401,Somewhat-Bullish,0.077468,0.5855,Bullish,,,,,,,,,,,0.5,Bullish,,,,
NFLX Beats Q4 Expectations: Here's Why the Stock Could Hit $1100 Soon,https://www.zacks.com/stock/news/2402769/nflx-beats-q4-expectations-heres-why-the-stock-could-hit-1100-soon,20250124T134200,0.455107,Bullish,,0.995973,Bullish,0.5,Bullish,,,FOREX:USD,0.148419,Neutral,0.03878,0.5855,Bullish,,,,,,,,,,,0.5,Bullish,,,,
Should You Forget Nvidia and Buy This Tech Stock Instead?,https://www.fool.com/investing/2025/01/24/should-you-forget-nvidia-and-buy-this-tech-stock/,20250124T121700,0.157151,Somewhat-Bullish,,0.310843,Somewhat-Bullish,0.5,Bullish,0.5,Bullish,MU,0.105786,Neutral,0.09439,0.99977,Bullish,,,,,0.158519,Somewhat-Bullish,,,,,,,,,,
Should You Forget Nvidia and Buy This Tech Stock Instead?,https://www.fool.com/investing/2025/01/24/should-you-forget-nvidia-and-buy-this-tech-stock/,20250124T121700,0.157151,Somewhat-Bullish,,0.310843,Somewhat-Bullish,0.5,Bullish,0.5,Bullish,NVDA,0.229726,Somewhat-Bullish,0.657184,0.99977,Bullish,,,,,0.158519,Somewhat-Bullish,,,,,,,,,,
Should You Forget Nvidia and Buy This Tech Stock Instead?,https://www.fool.com/investing/2025/01/24/should-you-forget-nvidia-and-buy-this-tech-stock/,20250124T121700,0.157151,Somewhat-Bullish,,0.310843,Somewhat-Bullish,0.5,Bullish,0.5,Bullish,AAPL,-0.014705,Neutral,0.09439,0.99977,Bullish,,,,,0.158519,Somewhat-Bullish,,,,,,,,,,
"Apple To $253? Here Are 10 Top Analyst Forecasts For Friday - Apple  ( NASDAQ:AAPL ) , Alcon  ( NYSE:ALC ) ",https://www.benzinga.com/25/01/43187697/apple-to-253-here-are-10-top-analyst-forecasts-for-friday,20250124T121548,0.207062,Somewhat-Bullish,,,,0.166667,Somewhat-Bullish,0.166667,Somewhat-Bullish,AAPL,-0.039624,Neutral,0.228431,0.99999,Bullish,,,0.166667,Somewhat-Bullish,,,,,,,0.166667,Somewhat-Bullish,0.166667,Somewhat-Bullish,0.166667,Somewhat-Bullish
"Apple To $253? Here Are 10 Top Analyst Forecasts For Friday - Apple  ( NASDAQ:AAPL ) , Alcon  ( NYSE:ALC ) ",https://www.benzinga.com/25/01/43187697/apple-to-253-here-are-10-top-analyst-forecasts-for-friday,20250124T121548,0.207062,Somewhat-Bullish,,,,0.166667,Somewhat-Bullish,0.166667,Somewhat-Bullish,C,0.00264,Neutral,0.15347,0.99999,Bullish,,,0.166667,Somewhat-Bullish,,,,,,,0.166667,Somewhat-Bullish,0.166667,Somewhat-Bullish,0.166667,Somewhat-Bullish
"Apple To $253? Here Are 10 Top Analyst Forecasts For Friday - Apple  ( NASDAQ:AAPL ) , Alcon  ( NYSE:ALC ) ",https://www.benzinga.com/25/01/43187697/apple-to-253-here-are-10-top-analyst-forecasts-for-friday,20250124T121548,0.207062,Somewhat-Bullish,,,,0.166667,Somewhat-Bullish,0.166667,Somewhat-Bullish,MA,0.077766,Neutral,0.15347,0.99999,Bullish,,,0.166667,Somewhat-Bullish,,,,,,,0.166667,Somewhat-Bullish,0.166667,Somewhat-Bullish,0.166667,Somewhat-Bullish
"Apple To $253? Here Are 10 Top Analyst Forecasts For Friday - Apple  ( NASDAQ:AAPL ) , Alcon  ( NYSE:ALC ) ",https://www.benzinga.com/25/01/43187697/apple-to-253-here-are-10-top-analyst-forecasts-for-friday,20250124T121548,0.207062,Somewhat-Bullish,,,,0.166667,Somewhat-Bullish,0.166667,Somewhat-Bullish,MS,-0.082666,Neutral,0.15347,0.99999,Bullish,,,0.166667,Somewhat-Bullish,,,,,,,0.166667,Somewhat-Bullish,0.166667,Somewhat-Bullish,0.166667,Somewhat-Bullish
"Apple To $253? Here Are 10 Top Analyst Forecasts For Friday - Apple  ( NASDAQ:AAPL ) , Alcon  ( NYSE:ALC ) ",https://www.benzinga.com/25/01/43187697/apple-to-253-here-are-10-top-analyst-forecasts-for-friday,20250124T121548,0.207062,Somewhat-Bullish,,,,0.166667,Somewhat-Bullish,0.166667,Somewhat-Bullish,EDU,0.00264,Neutral,0.15347,0.99999,Bullish,,,0.166667,Somewhat-Bullish,,,,,,,0.166667,Somewhat-Bullish,0.166667,Somewhat-Bullish,0.166667,Somewhat-Bullish
"Apple To $253? Here Are 10 Top Analyst Forecasts For Friday - Apple  ( NASDAQ:AAPL ) , Alcon  ( NYSE:ALC ) ",https://www.benzinga.com/25/01/43187697/apple-to-253-here-are-10-top-analyst-forecasts-for-friday,20250124T121548,0.207062,Somewhat-Bullish,,,,0.166667,Somewhat-Bullish,0.166667,Somewhat-Bullish,ALC,0.005334,Neutral,0.228431,0.99999,Bullish,,,0.166667,Somewhat-Bullish,,,,,,,0.166667,Somewhat-Bullish,0.166667,Somewhat-Bullish,0.166667,Somewhat-Bullish
"Apple To $253? Here Are 10 Top Analyst Forecasts For Friday - Apple  ( NASDAQ:AAPL ) , Alcon  ( NYSE:ALC ) ",https://www.benzinga.com/25/01/43187697/apple-to-253-here-are-10-top-analyst-forecasts-for-friday,20250124T121548,0.207062,Somewhat-Bullish,,,,0.166667,Somewhat-Bullish,0.166667,Somewhat-Bullish,TRV,0.14706,Neutral,0.15347,0.99999,Bullish,,,0.166667,Somewhat-Bullish,,,,,,,0.166667,Somewhat-Bullish,0.166667,Somewhat-Bullish,0.166667,Somewhat-Bullish
"Apple To $253? Here Are 10 Top Analyst Forecasts For Friday - Apple  ( NASDAQ:AAPL ) , Alcon  ( NYSE:ALC ) ",https://www.benzinga.com/25/01/43187697/apple-to-253-here-are-10-top-analyst-forecasts-for-friday,20250124T121548,0.207062,Somewhat-Bullish,,,,0.166667,Somewhat-Bullish,0.166667,Somewhat-Bullish,TEAM,0.084758,Neutral,0.15347,0.99999,Bullish,,,0.166667,Somewhat-Bullish,,,,,,,0.166667,Somewhat-Bullish,0.166667,Somewhat-Bullish,0.166667,Somewhat-Bullish
"Apple To $253? Here Are 10 Top Analyst Forecasts For Friday - Apple  ( NASDAQ:AAPL ) , Alcon  ( NYSE:ALC ) ",https://www.benzinga.com/25/01/43187697/apple-to-253-here-are-10-top-analyst-forecasts-for-friday,20250124T121548,0.207062,Somewhat-Bullish,,,,0.166667,Somewhat-Bullish,0.166667,Somewhat-Bullish,AVB,-0.110498,Neutral,0.228431,0.99999,Bullish,,,0.166667,Somewhat-Bullish,,,,,,,0.166667,Somewhat-Bullish,0.166667,Somewhat-Bullish,0.166667,Somewhat-Bullish
"Apple To $253? Here Are 10 Top Analyst Forecasts For Friday - Apple  ( NASDAQ:AAPL ) , Alcon  ( NYSE:ALC ) ",https://www.benzinga.com/25/01/43187697/apple-to-253-here-are-10-top-analyst-forecasts-for-friday,20250124T121548,0.207062,Somewhat-Bullish,,,,0.166667,Somewhat-Bullish,0.166667,Somewhat-Bullish,BBWI,0.30535,Somewhat-Bullish,0.228431,0.99999,Bullish,,,0.166667,Somewhat-Bullish,,,,,,,0.166667,Somewhat-Bullish,0.166667,Somewhat-Bullish,0.166667,Somewhat-Bullish
"Apple To $253? Here Are 10 Top Analyst Forecasts For Friday - Apple  ( NASDAQ:AAPL ) , Alcon  ( NYSE:ALC ) ",https://www.benzinga.com/25/01/43187697/apple-to-253-here-are-10-top-analyst-forecasts-for-friday,20250124T121548,0.207062,Somewhat-Bullish,,,,0.166667,Somewhat-Bullish,0.166667,Somewhat-Bullish,LYTS,0.090852,Neutral,0.228431,0.99999,Bullish,,,0.166667,Somewhat-Bullish,,,,,,,0.166667,Somewhat-Bullish,0.166667,Somewhat-Bullish,0.166667,Somewhat-Bullish
Should Goldman Sachs MarketBeta U.S. 1000 Equity ETF  ( GUSA )  Be on Your Investing Radar?,https://www.zacks.com/stock/news/2402674/should-goldman-sachs-marketbeta-us-1000-equity-etf-gusa-be-on-your-investing-radar,20250124T112007,0.186596,Somewhat-Bullish,,,,0.333333,Somewhat-Bullish,0.333333,Somewhat-Bullish,MSFT,0.070609,Neutral,0.131284,1.0,Bullish,,,0.333333,Somewhat-Bullish,,,,,,,,,,,,
Should Goldman Sachs MarketBeta U.S. 1000 Equity ETF  ( GUSA )  Be on Your Investing Radar?,https://www.zacks.com/stock/news/2402674/should-goldman-sachs-marketbeta-us-1000-equity-etf-gusa-be-on-your-investing-radar,20250124T112007,0.186596,Somewhat-Bullish,,,,0.333333,Somewhat-Bullish,0.333333,Somewhat-Bullish,NVDA,0.070609,Neutral,0.131284,1.0,Bullish,,,0.333333,Somewhat-Bullish,,,,,,,,,,,,
Should Goldman Sachs MarketBeta U.S. 1000 Equity ETF  ( GUSA )  Be on Your Investing Radar?,https://www.zacks.com/stock/news/2402674/should-goldman-sachs-marketbeta-us-1000-equity-etf-gusa-be-on-your-investing-radar,20250124T112007,0.186596,Somewhat-Bullish,,,,0.333333,Somewhat-Bullish,0.333333,Somewhat-Bullish,AAPL,0.070609,Neutral,0.131284,1.0,Bullish,,,0.333333,Somewhat-Bullish,,,,,,,,,,,,
Should Goldman Sachs MarketBeta U.S. 1000 Equity ETF  ( GUSA )  Be on Your Investing Radar?,https://www.zacks.com/stock/news/2402674/should-goldman-sachs-marketbeta-us-1000-equity-etf-gusa-be-on-your-investing-radar,20250124T112007,0.186596,Somewhat-Bullish,,,,0.333333,Somewhat-Bullish,0.333333,Somewhat-Bullish,GS,0.088841,Neutral,0.195814,1.0,Bullish,,,0.333333,Somewhat-Bullish,,,,,,,,,,,,
Is WisdomTree U.S. LargeCap ETF  ( EPS )  a Strong ETF Right Now?,https://www.zacks.com/stock/news/2402678/is-wisdomtree-us-largecap-etf-eps-a-strong-etf-right-now,20250124T112005,0.275815,Somewhat-Bullish,,0.858979,Bullish,1.0,Bullish,,,GOOG,0.049971,Neutral,0.058188,1.0,Bullish,,,,,,,,,,,,,,,,
Is WisdomTree U.S. LargeCap ETF  ( EPS )  a Strong ETF Right Now?,https://www.zacks.com/stock/news/2402678/is-wisdomtree-us-largecap-etf-eps-a-strong-etf-right-now,20250124T112005,0.275815,Somewhat-Bullish,,0.858979,Bullish,1.0,Bullish,,,WT,0.238124,Somewhat-Bullish,0.284861,1.0,Bullish,,,,,,,,,,,,,,,,
Is WisdomTree U.S. LargeCap ETF  ( EPS )  a Strong ETF Right Now?,https://www.zacks.com/stock/news/2402678/is-wisdomtree-us-largecap-etf-eps-a-strong-etf-right-now,20250124T112005,0.275815,Somewhat-Bullish,,0.858979,Bullish,1.0,Bullish,,,AAPL,0.055673,Neutral,0.116067,1.0,Bullish,,,,,,,,,,,,,,,,
"The Zacks Analyst Blog Taiwan Semiconductor Manufacturing, Broadcom, Marvell Technology and Apple",https://www.zacks.com/stock/news/2402610/the-zacks-analyst-blog-taiwan-semiconductor-manufacturing-broadcom-marvell-technology-and-apple,20250124T070700,0.38484,Bullish,,0.917436,Bullish,0.5,Bullish,0.5,Bullish,AAPL,0.137173,Neutral,0.196877,0.503496,Bullish,,,,,,,,,,,,,,,,
"The Zacks Analyst Blog Taiwan Semiconductor Manufacturing, Broadcom, Marvell Technology and Apple",https://www.zacks.com/stock/news/2402610/the-zacks-analyst-blog-taiwan-semiconductor-manufacturing-broadcom-marvell-technology-and-apple,20250124T070700,0.38484,Bullish,,0.917436,Bullish,0.5,Bullish,0.5,Bullish,AVGO,0.137173,Neutral,0.196877,0.503496,Bullish,,,,,,,,,,,,,,,,
"The Zacks Analyst Blog Taiwan Semiconductor Manufacturing, Broadcom, Marvell Technology and Apple",https://www.zacks.com/stock/news/2402610/the-zacks-analyst-blog-taiwan-semiconductor-manufacturing-broadcom-marvell-technology-and-apple,20250124T070700,0.38484,Bullish,,0.917436,Bullish,0.5,Bullish,0.5,Bullish,MRVL,0.137173,Neutral,0.196877,0.503496,Bullish,,,,,,,,,,,,,,,,
"The Zacks Analyst Blog Taiwan Semiconductor Manufacturing, Broadcom, Marvell Technology and Apple",https://www.zacks.com/stock/news/2402610/the-zacks-analyst-blog-taiwan-semiconductor-manufacturing-broadcom-marvell-technology-and-apple,20250124T070700,0.38484,Bullish,,0.917436,Bullish,0.5,Bullish,0.5,Bullish,TSM,0.12623,Neutral,0.196877,0.503496,Bullish,,,,,,,,,,,,,,,,
"Epic Games CEO Tim Sweeney Prepared To Spend Billions For Decades Fighting Apple, Google Monopolies: 'We Think Our Best Days Are Ahead' - Alphabet  ( NASDAQ:GOOG ) , Apple  ( NASDAQ:AAPL ) ",https://www.benzinga.com/media/25/01/43183396/epic-games-ceo-tim-sweeney-prepared-to-spend-billions-for-decades-fighting-apple-google-monopolies-we-think,20250124T060254,0.094015,Neutral,,0.108179,Neutral,1.0,Bullish,,,GOOG,-0.094183,Neutral,0.262994,0.360215,Bullish,,,,,,,,,,,,,,,,
"Epic Games CEO Tim Sweeney Prepared To Spend Billions For Decades Fighting Apple, Google Monopolies: 'We Think Our Best Days Are Ahead' - Alphabet  ( NASDAQ:GOOG ) , Apple  ( NASDAQ:AAPL ) ",https://www.benzinga.com/media/25/01/43183396/epic-games-ceo-tim-sweeney-prepared-to-spend-billions-for-decades-fighting-apple-google-monopolies-we-think,20250124T060254,0.094015,Neutral,,0.108179,Neutral,1.0,Bullish,,,AAPL,-0.094183,Neutral,0.262994,0.360215,Bullish,,,,,,,,,,,,,,,,
"Epic Games CEO Tim Sweeney Prepared To Spend Billions For Decades Fighting Apple, Google Monopolies: 'We Think Our Best Days Are Ahead' - Alphabet  ( NASDAQ:GOOG ) , Apple  ( NASDAQ:AAPL ) ",https://www.benzinga.com/media/25/01/43183396/epic-games-ceo-tim-sweeney-prepared-to-spend-billions-for-decades-fighting-apple-google-monopolies-we-think,20250124T060254,0.094015,Neutral,,0.108179,Neutral,1.0,Bullish,,,TCTZF,-0.166027,Somewhat-Bearish,0.089129,0.360215,Bullish,,,,,,,,,,,,,,,,
3 Reasons to Buy TSMC Stock Beyond Record Q4 Net Profit,https://www.zacks.com/stock/news/2402454/3-reasons-to-buy-tsmc-stock-beyond-record-q4-net-profit,20250123T200500,0.412078,Bullish,,0.917436,Bullish,0.5,Bullish,0.5,Bullish,AAPL,0.184874,Somewhat-Bullish,0.148273,0.459462,Bullish,,,,,,,,,,,,,,,,
3 Reasons to Buy TSMC Stock Beyond Record Q4 Net Profit,https://www.zacks.com/stock/news/2402454/3-reasons-to-buy-tsmc-stock-beyond-record-q4-net-profit,20250123T200500,0.412078,Bullish,,0.917436,Bullish,0.5,Bullish,0.5,Bullish,AVGO,0.184874,Somewhat-Bullish,0.148273,0.459462,Bullish,,,,,,,,,,,,,,,,
3 Reasons to Buy TSMC Stock Beyond Record Q4 Net Profit,https://www.zacks.com/stock/news/2402454/3-reasons-to-buy-tsmc-stock-beyond-record-q4-net-profit,20250123T200500,0.412078,Bullish,,0.917436,Bullish,0.5,Bullish,0.5,Bullish,MRVL,0.184874,Somewhat-Bullish,0.148273,0.459462,Bullish,,,,,,,,,,,,,,,,
3 Reasons to Buy TSMC Stock Beyond Record Q4 Net Profit,https://www.zacks.com/stock/news/2402454/3-reasons-to-buy-tsmc-stock-beyond-record-q4-net-profit,20250123T200500,0.412078,Bullish,,0.917436,Bullish,0.5,Bullish,0.5,Bullish,TSM,0.177605,Somewhat-Bullish,0.148273,0.459462,Bullish,,,,,,,,,,,,,,,,
"Tesla Lost $15 Billion In Brand Value In 2024, Report Says: Did Elon Musk's Political Push Hurt EV Giant? - Tesla  ( NASDAQ:TSLA ) ",https://www.benzinga.com/news/global/25/01/43172806/tesla-lost-15-billion-in-brand-value-in-2024-report-says-did-elon-musks-political-push-hurt-ev-giant,20250123T191624,0.164653,Somewhat-Bullish,,,,0.333333,Somewhat-Bullish,0.333333,Somewhat-Bullish,DKNG,0.327842,Somewhat-Bullish,0.043499,0.161647,Somewhat-Bullish,,,,,,,,,,,0.333333,Somewhat-Bullish,,,,
"Tesla Lost $15 Billion In Brand Value In 2024, Report Says: Did Elon Musk's Political Push Hurt EV Giant? - Tesla  ( NASDAQ:TSLA ) ",https://www.benzinga.com/news/global/25/01/43172806/tesla-lost-15-billion-in-brand-value-in-2024-report-says-did-elon-musks-political-push-hurt-ev-giant,20250123T191624,0.164653,Somewhat-Bullish,,,,0.333333,Somewhat-Bullish,0.333333,Somewhat-Bullish,MSFT,0.11875,Neutral,0.043499,0.161647,Somewhat-Bullish,,,,,,,,,,,0.333333,Somewhat-Bullish,,,,
"Tesla Lost $15 Billion In Brand Value In 2024, Report Says: Did Elon Musk's Political Push Hurt EV Giant? - Tesla  ( NASDAQ:TSLA ) ",https://www.benzinga.com/news/global/25/01/43172806/tesla-lost-15-billion-in-brand-value-in-2024-report-says-did-elon-musks-political-push-hurt-ev-giant,20250123T191624,0.164653,Somewhat-Bullish,,,,0.333333,Somewhat-Bullish,0.333333,Somewhat-Bullish,GOOG,0.11875,Neutral,0.043499,0.161647,Somewhat-Bullish,,,,,,,,,,,0.333333,Somewhat-Bullish,,,,
"Tesla Lost $15 Billion In Brand Value In 2024, Report Says: Did Elon Musk's Political Push Hurt EV Giant? - Tesla  ( NASDAQ:TSLA ) ",https://www.benzinga.com/news/global/25/01/43172806/tesla-lost-15-billion-in-brand-value-in-2024-report-says-did-elon-musks-political-push-hurt-ev-giant,20250123T191624,0.164653,Somewhat-Bullish,,,,0.333333,Somewhat-Bullish,0.333333,Somewhat-Bullish,NVDA,0.142253,Neutral,0.129983,0.161647,Somewhat-Bullish,,,,,,,,,,,0.333333,Somewhat-Bullish,,,,
"Tesla Lost $15 Billion In Brand Value In 2024, Report Says: Did Elon Musk's Political Push Hurt EV Giant? - Tesla  ( NASDAQ:TSLA ) ",https://www.benzinga.com/news/global/25/01/43172806/tesla-lost-15-billion-in-brand-value-in-2024-report-says-did-elon-musks-political-push-hurt-ev-giant,20250123T191624,0.164653,Somewhat-Bullish,,,,0.333333,Somewhat-Bullish,0.333333,Somewhat-Bullish,AAPL,0.179204,Somewhat-Bullish,0.214937,0.161647,Somewhat-Bullish,,,,,,,,,,,0.333333,Somewhat-Bullish,,,,
"Tesla Lost $15 Billion In Brand Value In 2024, Report Says: Did Elon Musk's Political Push Hurt EV Giant? - Tesla  ( NASDAQ:TSLA ) ",https://www.benzinga.com/news/global/25/01/43172806/tesla-lost-15-billion-in-brand-value-in-2024-report-says-did-elon-musks-political-push-hurt-ev-giant,20250123T191624,0.164653,Somewhat-Bullish,,,,0.333333,Somewhat-Bullish,0.333333,Somewhat-Bullish,TSLA,0.178645,Somewhat-Bullish,0.646215,0.161647,Somewhat-Bullish,,,,,,,,,,,0.333333,Somewhat-Bullish,,,,
"Tesla Lost $15 Billion In Brand Value In 2024, Report Says: Did Elon Musk's Political Push Hurt EV Giant? - Tesla  ( NASDAQ:TSLA ) ",https://www.benzinga.com/news/global/25/01/43172806/tesla-lost-15-billion-in-brand-value-in-2024-report-says-did-elon-musks-political-push-hurt-ev-giant,20250123T191624,0.164653,Somewhat-Bullish,,,,0.333333,Somewhat-Bullish,0.333333,Somewhat-Bullish,WMT,0.11875,Neutral,0.043499,0.161647,Somewhat-Bullish,,,,,,,,,,,0.333333,Somewhat-Bullish,,,,
