Age Group,Investment Time Horizon,Risk Type,Allocation
18-25,< 3M,Liquid,100.0
18-25,< 6M,Liquid,60.0
18-25,< 1Y,Liquid,
18-25,1,Liquid,
18-25,2,Liquid,
18-25,3,Liquid,
18-25,4,Liquid,
18-25,5,Liquid,
18-25,6,Liquid,
18-25,7,Liquid,
18-25,8,Liquid,
18-25,9,Liquid,
18-25,10,Liquid,
18-25,11,Liquid,
18-25,12,Liquid,
18-25,13,Liquid,
18-25,14,Liquid,
18-25,15,Liquid,
18-25,16,Liquid,
18-25,17,Liquid,
18-25,18,Liquid,
18-25,19,Liquid,
18-25,20,Liquid,
18-25,21,Liquid,
18-25,22,Liquid,
18-25,23,Liquid,
18-25,24,Liquid,
18-25,25,Liquid,
18-25,26,Liquid,
18-25,27,Liquid,
18-25,28,Liquid,
18-25,29,Liquid,
18-25,30,Liquid,
18-25,31,Liquid,
18-25,32,Liquid,
18-25,33,Liquid,
18-25,34,Liquid,
18-25,35,Liquid,
18-25,36,Liquid,
18-25,37,Liquid,
18-25,38,Liquid,
18-25,39,Liquid,
18-25,40,Liquid,
18-25,41,Liquid,
18-25,42,Liquid,
18-25,43,Liquid,
18-25,44,Liquid,
18-25,45,Liquid,
18-25,46,Liquid,
18-25,47,Liquid,
18-25,48,Liquid,
18-25,49,Liquid,
18-25,50,Liquid,
18-25,< 3M,Short Term,
18-25,< 6M,Short Term,40
18-25,< 1Y,Short Term,100
18-25,1,Short Term,80
18-25,2,Short Term, 
18-25,3,Short Term,
18-25,4,Short Term,
18-25,5,Short Term,
18-25,6,Short Term,
18-25,7,Short Term,
18-25,8,Short Term,
18-25,9,Short Term,
18-25,10,Short Term,
18-25,11,Short Term,
18-25,12,Short Term,
18-25,13,Short Term,
18-25,14,Short Term,
18-25,15,Short Term,
18-25,16,Short Term,
18-25,17,Short Term,
18-25,18,Short Term,
18-25,19,Short Term,
18-25,20,Short Term,
18-25,21,Short Term,
18-25,22,Short Term,
18-25,23,Short Term,
18-25,24,Short Term,
18-25,25,Short Term,
18-25,26,Short Term,
18-25,27,Short Term,
18-25,28,Short Term,
18-25,29,Short Term,
18-25,30,Short Term,
18-25,31,Short Term,
18-25,32,Short Term,
18-25,33,Short Term,
18-25,34,Short Term,
18-25,35,Short Term,
18-25,36,Short Term,
18-25,37,Short Term,
18-25,38,Short Term,
18-25,39,Short Term,
18-25,40,Short Term,
18-25,41,Short Term,
18-25,42,Short Term,
18-25,43,Short Term,
18-25,44,Short Term,
18-25,45,Short Term,
18-25,46,Short Term,
18-25,47,Short Term,
18-25,48,Short Term,
18-25,49,Short Term,
18-25,50,Short Term,
18-25,< 3M,Income,
18-25,< 6M,Income,
18-25,< 1Y,Income,
18-25,1,Income,20
18-25,2,Income,100
18-25,3,Income,60
18-25,4,Income,40
18-25,5,Income, 
18-25,6,Income,
18-25,7,Income,
18-25,8,Income,
18-25,9,Income,
18-25,10,Income,
18-25,11,Income,
18-25,12,Income,
18-25,13,Income,
18-25,14,Income,
18-25,15,Income,
18-25,16,Income,
18-25,17,Income,
18-25,18,Income,
18-25,19,Income,
18-25,20,Income,
18-25,21,Income,
18-25,22,Income,
18-25,23,Income,
18-25,24,Income,
18-25,25,Income,
18-25,26,Income,
18-25,27,Income,
18-25,28,Income,
18-25,29,Income,
18-25,30,Income,
18-25,31,Income,
18-25,32,Income,
18-25,33,Income,
18-25,34,Income,
18-25,35,Income,
18-25,36,Income,
18-25,37,Income,
18-25,38,Income,
18-25,39,Income,
18-25,40,Income,
18-25,41,Income,
18-25,42,Income,
18-25,43,Income,
18-25,44,Income,
18-25,45,Income,
18-25,46,Income,
18-25,47,Income,
18-25,48,Income,
18-25,49,Income,
18-25,50,Income,
18-25,< 3M,Balanced,
18-25,< 6M,Balanced,
18-25,< 1Y,Balanced,
18-25,1,Balanced,
18-25,2,Balanced,0.0
18-25,3,Balanced,40.0
18-25,4,Balanced,60.0
18-25,5,Balanced,80.0
18-25,6,Balanced,60.0
18-25,7,Balanced,40.0
18-25,8,Balanced,
18-25,9,Balanced,
18-25,10,Balanced,
18-25,11,Balanced,
18-25,12,Balanced,
18-25,13,Balanced,
18-25,14,Balanced,
18-25,15,Balanced,
18-25,16,Balanced,
18-25,17,Balanced,
18-25,18,Balanced,
18-25,19,Balanced,
18-25,20,Balanced,
18-25,21,Balanced,
18-25,22,Balanced,
18-25,23,Balanced,
18-25,24,Balanced,
18-25,25,Balanced,
18-25,26,Balanced,
18-25,27,Balanced,
18-25,28,Balanced,
18-25,29,Balanced,
18-25,30,Balanced,
18-25,31,Balanced,
18-25,32,Balanced,
18-25,33,Balanced,
18-25,34,Balanced,
18-25,35,Balanced,
18-25,36,Balanced,
18-25,37,Balanced,
18-25,38,Balanced,
18-25,39,Balanced,
18-25,40,Balanced,
18-25,41,Balanced,
18-25,42,Balanced,
18-25,43,Balanced,
18-25,44,Balanced,
18-25,45,Balanced,
18-25,46,Balanced,
18-25,47,Balanced,
18-25,48,Balanced,
18-25,49,Balanced,
18-25,50,Balanced,
18-25,< 3M,Equity – Mod,
18-25,< 6M,Equity – Mod,
18-25,< 1Y,Equity – Mod,
18-25,1,Equity – Mod,
18-25,2,Equity – Mod,
18-25,3,Equity – Mod,
18-25,4,Equity – Mod,
18-25,5,Equity – Mod,20.0
18-25,6,Equity – Mod,40.0
18-25,7,Equity – Mod,60.0
18-25,8,Equity – Mod,80.0
18-25,9,Equity – Mod,70.0
18-25,10,Equity – Mod,60.0
18-25,11,Equity – Mod,50.0
18-25,12,Equity – Mod,40.0
18-25,13,Equity – Mod,40.0
18-25,14,Equity – Mod,40.0
18-25,15,Equity – Mod,40.0
18-25,16,Equity – Mod,40.0
18-25,17,Equity – Mod,40.0
18-25,18,Equity – Mod,40.0
18-25,19,Equity – Mod,40.0
18-25,20,Equity – Mod,40.0
18-25,21,Equity – Mod,40.0
18-25,22,Equity – Mod,40.0
18-25,23,Equity – Mod,40.0
18-25,24,Equity – Mod,40.0
18-25,25,Equity – Mod,40.0
18-25,26,Equity – Mod,40.0
18-25,27,Equity – Mod,40.0
18-25,28,Equity – Mod,40.0
18-25,29,Equity – Mod,40.0
18-25,30,Equity – Mod,40.0
18-25,31,Equity – Mod,40.0
18-25,32,Equity – Mod,40.0
18-25,33,Equity – Mod,40.0
18-25,34,Equity – Mod,40.0
18-25,35,Equity – Mod,40.0
18-25,36,Equity – Mod,40.0
18-25,37,Equity – Mod,40.0
18-25,38,Equity – Mod,40.0
18-25,39,Equity – Mod,40.0
18-25,40,Equity – Mod,40.0
18-25,41,Equity – Mod,40.0
18-25,42,Equity – Mod,40.0
18-25,43,Equity – Mod,40.0
18-25,44,Equity – Mod,40.0
18-25,45,Equity – Mod,40.0
18-25,46,Equity – Mod,40.0
18-25,47,Equity – Mod,40.0
18-25,48,Equity – Mod,40.0
18-25,49,Equity – Mod,40.0
18-25,50,Equity – Mod,40.0
18-25,< 3M,Equity – Agg,
18-25,< 6M,Equity – Agg,
18-25,< 1Y,Equity – Agg,
18-25,1,Equity – Agg,
18-25,2,Equity – Agg,
18-25,3,Equity – Agg,
18-25,4,Equity – Agg,
18-25,5,Equity – Agg,
18-25,6,Equity – Agg,
18-25,7,Equity – Agg,
18-25,8,Equity – Agg,20.0
18-25,9,Equity – Agg,30.0
18-25,10,Equity – Agg,40.0
18-25,11,Equity – Agg,50.0
18-25,12,Equity – Agg,60.0
18-25,13,Equity – Agg,60.0
18-25,14,Equity – Agg,60.0
18-25,15,Equity – Agg,60.0
18-25,16,Equity – Agg,60.0
18-25,17,Equity – Agg,60.0
18-25,18,Equity – Agg,60.0
18-25,19,Equity – Agg,60.0
18-25,20,Equity – Agg,60.0
18-25,21,Equity – Agg,60.0
18-25,22,Equity – Agg,60.0
18-25,23,Equity – Agg,60.0
18-25,24,Equity – Agg,60.0
18-25,25,Equity – Agg,60.0
18-25,26,Equity – Agg,60.0
18-25,27,Equity – Agg,60.0
18-25,28,Equity – Agg,60.0
18-25,29,Equity – Agg,60.0
18-25,30,Equity – Agg,60.0
18-25,31,Equity – Agg,60.0
18-25,32,Equity – Agg,60.0
18-25,33,Equity – Agg,60.0
18-25,34,Equity – Agg,60.0
18-25,35,Equity – Agg,60.0
18-25,36,Equity – Agg,60.0
18-25,37,Equity – Agg,60.0
18-25,38,Equity – Agg,60.0
18-25,39,Equity – Agg,60.0
18-25,40,Equity – Agg,60.0
18-25,41,Equity – Agg,60.0
18-25,42,Equity – Agg,60.0
18-25,43,Equity – Agg,60.0
18-25,44,Equity – Agg,60.0
18-25,45,Equity – Agg,60.0
18-25,46,Equity – Agg,60.0
18-25,47,Equity – Agg,60.0
18-25,48,Equity – Agg,60.0
18-25,49,Equity – Agg,60.0
18-25,50,Equity – Agg,60.0
25-35,< 3M,Liquid,100.0
25-35,< 6M,Liquid,60.0
25-35,< 1Y,Liquid,
25-35,1,Liquid,
25-35,2,Liquid,
25-35,3,Liquid,
25-35,4,Liquid,
25-35,5,Liquid,
25-35,6,Liquid,
25-35,7,Liquid,
25-35,8,Liquid,
25-35,9,Liquid,
25-35,10,Liquid,
25-35,11,Liquid,
25-35,12,Liquid,
25-35,13,Liquid,
25-35,14,Liquid,
25-35,15,Liquid,
25-35,16,Liquid,
25-35,17,Liquid,
25-35,18,Liquid,
25-35,19,Liquid,
25-35,20,Liquid,
25-35,21,Liquid,
25-35,22,Liquid,
25-35,23,Liquid,
25-35,24,Liquid,
25-35,25,Liquid,
25-35,26,Liquid,
25-35,27,Liquid,
25-35,28,Liquid,
25-35,29,Liquid,
25-35,30,Liquid,
25-35,31,Liquid,
25-35,32,Liquid,
25-35,33,Liquid,
25-35,34,Liquid,
25-35,35,Liquid,
25-35,36,Liquid,
25-35,37,Liquid,
25-35,38,Liquid,
25-35,39,Liquid,
25-35,40,Liquid,
25-35,41,Liquid,
25-35,42,Liquid,
25-35,43,Liquid,
25-35,44,Liquid,
25-35,45,Liquid,
25-35,46,Liquid,
25-35,47,Liquid,
25-35,48,Liquid,
25-35,49,Liquid,
25-35,50,Liquid,
25-35,< 3M,Short Term,
25-35,< 6M,Short Term,40
25-35,< 1Y,Short Term,100
25-35,1,Short Term,80
25-35,2,Short Term, 
25-35,3,Short Term,
25-35,4,Short Term,
25-35,5,Short Term,
25-35,6,Short Term,
25-35,7,Short Term,
25-35,8,Short Term,
25-35,9,Short Term,
25-35,10,Short Term,
25-35,11,Short Term,
25-35,12,Short Term,
25-35,13,Short Term,
25-35,14,Short Term,
25-35,15,Short Term,
25-35,16,Short Term,
25-35,17,Short Term,
25-35,18,Short Term,
25-35,19,Short Term,
25-35,20,Short Term,
25-35,21,Short Term,
25-35,22,Short Term,
25-35,23,Short Term,
25-35,24,Short Term,
25-35,25,Short Term,
25-35,26,Short Term,
25-35,27,Short Term,
25-35,28,Short Term,
25-35,29,Short Term,
25-35,30,Short Term,
25-35,31,Short Term,
25-35,32,Short Term,
25-35,33,Short Term,
25-35,34,Short Term,
25-35,35,Short Term,
25-35,36,Short Term,
25-35,37,Short Term,
25-35,38,Short Term,
25-35,39,Short Term,
25-35,40,Short Term,
25-35,41,Short Term,
25-35,42,Short Term,
25-35,43,Short Term,
25-35,44,Short Term,
25-35,45,Short Term,
25-35,46,Short Term,
25-35,47,Short Term,
25-35,48,Short Term,
25-35,49,Short Term,
25-35,50,Short Term,
25-35,< 3M,Income,
25-35,< 6M,Income,
25-35,< 1Y,Income,
25-35,1,Income,20
25-35,2,Income,100
25-35,3,Income,60
25-35,4,Income,40
25-35,5,Income, 
25-35,6,Income,
25-35,7,Income,
25-35,8,Income,
25-35,9,Income,
25-35,10,Income,
25-35,11,Income,
25-35,12,Income,
25-35,13,Income,
25-35,14,Income,
25-35,15,Income,
25-35,16,Income,
25-35,17,Income,
25-35,18,Income,
25-35,19,Income,
25-35,20,Income,
25-35,21,Income,
25-35,22,Income,
25-35,23,Income,
25-35,24,Income,
25-35,25,Income,
25-35,26,Income,
25-35,27,Income,
25-35,28,Income,
25-35,29,Income,
25-35,30,Income,
25-35,31,Income,
25-35,32,Income,
25-35,33,Income,
25-35,34,Income,
25-35,35,Income,
25-35,36,Income,
25-35,37,Income,
25-35,38,Income,
25-35,39,Income,
25-35,40,Income,
25-35,41,Income,
25-35,42,Income,
25-35,43,Income,
25-35,44,Income,
25-35,45,Income,
25-35,46,Income,
25-35,47,Income,
25-35,48,Income,
25-35,49,Income,
25-35,50,Income,
25-35,< 3M,Balanced,
25-35,< 6M,Balanced,
25-35,< 1Y,Balanced,
25-35,1,Balanced,
25-35,2,Balanced,0.0
25-35,3,Balanced,40.0
25-35,4,Balanced,60.0
25-35,5,Balanced,80.0
25-35,6,Balanced,60.0
25-35,7,Balanced,40.0
25-35,8,Balanced,
25-35,9,Balanced,
25-35,10,Balanced,
25-35,11,Balanced,
25-35,12,Balanced,
25-35,13,Balanced,
25-35,14,Balanced,
25-35,15,Balanced,
25-35,16,Balanced,
25-35,17,Balanced,
25-35,18,Balanced,
25-35,19,Balanced,
25-35,20,Balanced,
25-35,21,Balanced,
25-35,22,Balanced,
25-35,23,Balanced,
25-35,24,Balanced,
25-35,25,Balanced,
25-35,26,Balanced,
25-35,27,Balanced,
25-35,28,Balanced,
25-35,29,Balanced,
25-35,30,Balanced,
25-35,31,Balanced,
25-35,32,Balanced,
25-35,33,Balanced,
25-35,34,Balanced,
25-35,35,Balanced,
25-35,36,Balanced,
25-35,37,Balanced,
25-35,38,Balanced,
25-35,39,Balanced,
25-35,40,Balanced,
25-35,41,Balanced,
25-35,42,Balanced,
25-35,43,Balanced,
25-35,44,Balanced,
25-35,45,Balanced,
25-35,46,Balanced,
25-35,47,Balanced,
25-35,48,Balanced,
25-35,49,Balanced,
25-35,50,Balanced,
25-35,< 3M,Equity – Mod,
25-35,< 6M,Equity – Mod,
25-35,< 1Y,Equity – Mod,
25-35,1,Equity – Mod,
25-35,2,Equity – Mod,
25-35,3,Equity – Mod,
25-35,4,Equity – Mod,
25-35,5,Equity – Mod,20.0
25-35,6,Equity – Mod,40.0
25-35,7,Equity – Mod,60.0
25-35,8,Equity – Mod,80.0
25-35,9,Equity – Mod,70.0
25-35,10,Equity – Mod,60.0
25-35,11,Equity – Mod,50.0
25-35,12,Equity – Mod,40.0
25-35,13,Equity – Mod,40.0
25-35,14,Equity – Mod,40.0
25-35,15,Equity – Mod,40.0
25-35,16,Equity – Mod,40.0
25-35,17,Equity – Mod,40.0
25-35,18,Equity – Mod,40.0
25-35,19,Equity – Mod,40.0
25-35,20,Equity – Mod,40.0
25-35,21,Equity – Mod,40.0
25-35,22,Equity – Mod,40.0
25-35,23,Equity – Mod,40.0
25-35,24,Equity – Mod,40.0
25-35,25,Equity – Mod,40.0
25-35,26,Equity – Mod,40.0
25-35,27,Equity – Mod,40.0
25-35,28,Equity – Mod,40.0
25-35,29,Equity – Mod,40.0
25-35,30,Equity – Mod,40.0
25-35,31,Equity – Mod,40.0
25-35,32,Equity – Mod,40.0
25-35,33,Equity – Mod,40.0
25-35,34,Equity – Mod,40.0
25-35,35,Equity – Mod,40.0
25-35,36,Equity – Mod,40.0
25-35,37,Equity – Mod,40.0
25-35,38,Equity – Mod,40.0
25-35,39,Equity – Mod,40.0
25-35,40,Equity – Mod,40.0
25-35,41,Equity – Mod,40.0
25-35,42,Equity – Mod,40.0
25-35,43,Equity – Mod,40.0
25-35,44,Equity – Mod,40.0
25-35,45,Equity – Mod,40.0
25-35,46,Equity – Mod,40.0
25-35,47,Equity – Mod,40.0
25-35,48,Equity – Mod,40.0
25-35,49,Equity – Mod,40.0
25-35,50,Equity – Mod,40.0
25-35,< 3M,Equity – Agg,
25-35,< 6M,Equity – Agg,
25-35,< 1Y,Equity – Agg,
25-35,1,Equity – Agg,
25-35,2,Equity – Agg,
25-35,3,Equity – Agg,
25-35,4,Equity – Agg,
25-35,5,Equity – Agg,
25-35,6,Equity – Agg,
25-35,7,Equity – Agg,
25-35,8,Equity – Agg,20.0
25-35,9,Equity – Agg,30.0
25-35,10,Equity – Agg,40.0
25-35,11,Equity – Agg,50.0
25-35,12,Equity – Agg,60.0
25-35,13,Equity – Agg,60.0
25-35,14,Equity – Agg,60.0
25-35,15,Equity – Agg,60.0
25-35,16,Equity – Agg,60.0
25-35,17,Equity – Agg,60.0
25-35,18,Equity – Agg,60.0
25-35,19,Equity – Agg,60.0
25-35,20,Equity – Agg,60.0
25-35,21,Equity – Agg,60.0
25-35,22,Equity – Agg,60.0
25-35,23,Equity – Agg,60.0
25-35,24,Equity – Agg,60.0
25-35,25,Equity – Agg,60.0
25-35,26,Equity – Agg,60.0
25-35,27,Equity – Agg,60.0
25-35,28,Equity – Agg,60.0
25-35,29,Equity – Agg,60.0
25-35,30,Equity – Agg,60.0
25-35,31,Equity – Agg,60.0
25-35,32,Equity – Agg,60.0
25-35,33,Equity – Agg,60.0
25-35,34,Equity – Agg,60.0
25-35,35,Equity – Agg,60.0
25-35,36,Equity – Agg,60.0
25-35,37,Equity – Agg,60.0
25-35,38,Equity – Agg,60.0
25-35,39,Equity – Agg,60.0
25-35,40,Equity – Agg,60.0
25-35,41,Equity – Agg,60.0
25-35,42,Equity – Agg,60.0
25-35,43,Equity – Agg,60.0
25-35,44,Equity – Agg,60.0
25-35,45,Equity – Agg,60.0
25-35,46,Equity – Agg,60.0
25-35,47,Equity – Agg,60.0
25-35,48,Equity – Agg,60.0
25-35,49,Equity – Agg,60.0
25-35,50,Equity – Agg,60.0
35-45,< 3M,Liquid,100.0
35-45,< 6M,Liquid,60.0
35-45,< 1Y,Liquid,20.0
35-45,1,Liquid,
35-45,2,Liquid,
35-45,3,Liquid,
35-45,4,Liquid,
35-45,5,Liquid,
35-45,6,Liquid,
35-45,7,Liquid,
35-45,8,Liquid,
35-45,9,Liquid,
35-45,10,Liquid,
35-45,11,Liquid,
35-45,12,Liquid,
35-45,13,Liquid,
35-45,14,Liquid,
35-45,15,Liquid,
35-45,16,Liquid,
35-45,17,Liquid,
35-45,18,Liquid,
35-45,19,Liquid,
35-45,20,Liquid,
35-45,21,Liquid,
35-45,22,Liquid,
35-45,23,Liquid,
35-45,24,Liquid,
35-45,25,Liquid,
35-45,26,Liquid,
35-45,27,Liquid,
35-45,28,Liquid,
35-45,29,Liquid,
35-45,30,Liquid,
35-45,31,Liquid,
35-45,32,Liquid,
35-45,33,Liquid,
35-45,34,Liquid,
35-45,35,Liquid,
35-45,36,Liquid,
35-45,37,Liquid,
35-45,38,Liquid,
35-45,39,Liquid,
35-45,40,Liquid,
35-45,41,Liquid,
35-45,42,Liquid,
35-45,43,Liquid,
35-45,44,Liquid,
35-45,45,Liquid,
35-45,46,Liquid,
35-45,47,Liquid,
35-45,48,Liquid,
35-45,49,Liquid,
35-45,50,Liquid,
35-45,< 3M,Short Term,
35-45,< 6M,Short Term,40.0
35-45,< 1Y,Short Term,80.0
35-45,1,Short Term,80.0
35-45,2,Short Term,
35-45,3,Short Term,
35-45,4,Short Term,
35-45,5,Short Term,
35-45,6,Short Term,
35-45,7,Short Term,
35-45,8,Short Term,
35-45,9,Short Term,
35-45,10,Short Term,
35-45,11,Short Term,
35-45,12,Short Term,
35-45,13,Short Term,
35-45,14,Short Term,
35-45,15,Short Term,
35-45,16,Short Term,
35-45,17,Short Term,
35-45,18,Short Term,
35-45,19,Short Term,
35-45,20,Short Term,
35-45,21,Short Term,
35-45,22,Short Term,
35-45,23,Short Term,
35-45,24,Short Term,
35-45,25,Short Term,
35-45,26,Short Term,
35-45,27,Short Term,
35-45,28,Short Term,
35-45,29,Short Term,
35-45,30,Short Term,
35-45,31,Short Term,
35-45,32,Short Term,
35-45,33,Short Term,
35-45,34,Short Term,
35-45,35,Short Term,
35-45,36,Short Term,
35-45,37,Short Term,
35-45,38,Short Term,
35-45,39,Short Term,
35-45,40,Short Term,
35-45,41,Short Term,
35-45,42,Short Term,
35-45,43,Short Term,
35-45,44,Short Term,
35-45,45,Short Term,
35-45,46,Short Term,
35-45,47,Short Term,
35-45,48,Short Term,
35-45,49,Short Term,
35-45,50,Short Term,
35-45,< 3M,Income,
35-45,< 6M,Income,
35-45,< 1Y,Income,
35-45,1,Income,20
35-45,2,Income,100
35-45,3,Income,60
35-45,4,Income,40
35-45,5,Income, 
35-45,6,Income,
35-45,7,Income,
35-45,8,Income,
35-45,9,Income,
35-45,10,Income,
35-45,11,Income,
35-45,12,Income,
35-45,13,Income,
35-45,14,Income,
35-45,15,Income,
35-45,16,Income,
35-45,17,Income,
35-45,18,Income,
35-45,19,Income,
35-45,20,Income,
35-45,21,Income,
35-45,22,Income,
35-45,23,Income,
35-45,24,Income,
35-45,25,Income,
35-45,26,Income,
35-45,27,Income,
35-45,28,Income,
35-45,29,Income,
35-45,30,Income,
35-45,31,Income,
35-45,32,Income,
35-45,33,Income,
35-45,34,Income,
35-45,35,Income,
35-45,36,Income,
35-45,37,Income,
35-45,38,Income,
35-45,39,Income,
35-45,40,Income,
35-45,41,Income,
35-45,42,Income,
35-45,43,Income,
35-45,44,Income,
35-45,45,Income,
35-45,46,Income,
35-45,47,Income,
35-45,48,Income,
35-45,49,Income,
35-45,50,Income,
35-45,< 3M,Balanced,
35-45,< 6M,Balanced,
35-45,< 1Y,Balanced,
35-45,1,Balanced,
35-45,2,Balanced,0.0
35-45,3,Balanced,40.0
35-45,4,Balanced,60.0
35-45,5,Balanced,80.0
35-45,6,Balanced,60.0
35-45,7,Balanced,40.0
35-45,8,Balanced,
35-45,9,Balanced,
35-45,10,Balanced,
35-45,11,Balanced,
35-45,12,Balanced,
35-45,13,Balanced,
35-45,14,Balanced,
35-45,15,Balanced,
35-45,16,Balanced,
35-45,17,Balanced,
35-45,18,Balanced,
35-45,19,Balanced,
35-45,20,Balanced,
35-45,21,Balanced,
35-45,22,Balanced,
35-45,23,Balanced,
35-45,24,Balanced,
35-45,25,Balanced,
35-45,26,Balanced,
35-45,27,Balanced,
35-45,28,Balanced,
35-45,29,Balanced,
35-45,30,Balanced,
35-45,31,Balanced,
35-45,32,Balanced,
35-45,33,Balanced,
35-45,34,Balanced,
35-45,35,Balanced,
35-45,36,Balanced,
35-45,37,Balanced,
35-45,38,Balanced,
35-45,39,Balanced,
35-45,40,Balanced,
35-45,41,Balanced,
35-45,42,Balanced,
35-45,43,Balanced,
35-45,44,Balanced,
35-45,45,Balanced,
35-45,46,Balanced,
35-45,47,Balanced,
35-45,48,Balanced,
35-45,49,Balanced,
35-45,50,Balanced,
35-45,< 3M,Equity – Mod,
35-45,< 6M,Equity – Mod,
35-45,< 1Y,Equity – Mod,
35-45,1,Equity – Mod,
35-45,2,Equity – Mod,
35-45,3,Equity – Mod,
35-45,4,Equity – Mod,
35-45,5,Equity – Mod,20.0
35-45,6,Equity – Mod,40.0
35-45,7,Equity – Mod,60.0
35-45,8,Equity – Mod,80.0
35-45,9,Equity – Mod,70.0
35-45,10,Equity – Mod,60.0
35-45,11,Equity – Mod,50.0
35-45,12,Equity – Mod,40.0
35-45,13,Equity – Mod,40.0
35-45,14,Equity – Mod,40.0
35-45,15,Equity – Mod,40.0
35-45,16,Equity – Mod,40.0
35-45,17,Equity – Mod,40.0
35-45,18,Equity – Mod,40.0
35-45,19,Equity – Mod,40.0
35-45,20,Equity – Mod,40.0
35-45,21,Equity – Mod,40.0
35-45,22,Equity – Mod,40.0
35-45,23,Equity – Mod,40.0
35-45,24,Equity – Mod,40.0
35-45,25,Equity – Mod,40.0
35-45,26,Equity – Mod,40.0
35-45,27,Equity – Mod,40.0
35-45,28,Equity – Mod,40.0
35-45,29,Equity – Mod,40.0
35-45,30,Equity – Mod,40.0
35-45,31,Equity – Mod,40.0
35-45,32,Equity – Mod,40.0
35-45,33,Equity – Mod,40.0
35-45,34,Equity – Mod,40.0
35-45,35,Equity – Mod,40.0
35-45,36,Equity – Mod,40.0
35-45,37,Equity – Mod,40.0
35-45,38,Equity – Mod,40.0
35-45,39,Equity – Mod,40.0
35-45,40,Equity – Mod,40.0
35-45,41,Equity – Mod,40.0
35-45,42,Equity – Mod,40.0
35-45,43,Equity – Mod,40.0
35-45,44,Equity – Mod,40.0
35-45,45,Equity – Mod,40.0
35-45,46,Equity – Mod,40.0
35-45,47,Equity – Mod,40.0
35-45,48,Equity – Mod,40.0
35-45,49,Equity – Mod,40.0
35-45,50,Equity – Mod,40.0
35-45,< 3M,Equity – Agg,
35-45,< 6M,Equity – Agg,
35-45,< 1Y,Equity – Agg,
35-45,1,Equity – Agg,
35-45,2,Equity – Agg,
35-45,3,Equity – Agg,
35-45,4,Equity – Agg,
35-45,5,Equity – Agg,
35-45,6,Equity – Agg,
35-45,7,Equity – Agg,
35-45,8,Equity – Agg,20.0
35-45,9,Equity – Agg,30.0
35-45,10,Equity – Agg,40.0
35-45,11,Equity – Agg,50.0
35-45,12,Equity – Agg,60.0
35-45,13,Equity – Agg,60.0
35-45,14,Equity – Agg,60.0
35-45,15,Equity – Agg,60.0
35-45,16,Equity – Agg,60.0
35-45,17,Equity – Agg,60.0
35-45,18,Equity – Agg,60.0
35-45,19,Equity – Agg,60.0
35-45,20,Equity – Agg,60.0
35-45,21,Equity – Agg,60.0
35-45,22,Equity – Agg,60.0
35-45,23,Equity – Agg,60.0
35-45,24,Equity – Agg,60.0
35-45,25,Equity – Agg,60.0
35-45,26,Equity – Agg,60.0
35-45,27,Equity – Agg,60.0
35-45,28,Equity – Agg,60.0
35-45,29,Equity – Agg,60.0
35-45,30,Equity – Agg,60.0
35-45,31,Equity – Agg,60.0
35-45,32,Equity – Agg,60.0
35-45,33,Equity – Agg,60.0
35-45,34,Equity – Agg,60.0
35-45,35,Equity – Agg,60.0
35-45,36,Equity – Agg,60.0
35-45,37,Equity – Agg,60.0
35-45,38,Equity – Agg,60.0
35-45,39,Equity – Agg,60.0
35-45,40,Equity – Agg,60.0
35-45,41,Equity – Agg,60.0
35-45,42,Equity – Agg,60.0
35-45,43,Equity – Agg,60.0
35-45,44,Equity – Agg,60.0
35-45,45,Equity – Agg,60.0
35-45,46,Equity – Agg,60.0
35-45,47,Equity – Agg,60.0
35-45,48,Equity – Agg,60.0
35-45,49,Equity – Agg,60.0
35-45,50,Equity – Agg,60.0
45-55,< 3M,Liquid,100.0
45-55,< 6M,Liquid,60.0
45-55,< 1Y,Liquid,30.0
45-55,1,Liquid,
45-55,2,Liquid,
45-55,3,Liquid,
45-55,4,Liquid,
45-55,5,Liquid,
45-55,6,Liquid,
45-55,7,Liquid,
45-55,8,Liquid,
45-55,9,Liquid,
45-55,10,Liquid,
45-55,11,Liquid,
45-55,12,Liquid,
45-55,13,Liquid,
45-55,14,Liquid,
45-55,15,Liquid,
45-55,16,Liquid,
45-55,17,Liquid,
45-55,18,Liquid,
45-55,19,Liquid,
45-55,20,Liquid,
45-55,21,Liquid,
45-55,22,Liquid,
45-55,23,Liquid,
45-55,24,Liquid,
45-55,25,Liquid,
45-55,26,Liquid,
45-55,27,Liquid,
45-55,28,Liquid,
45-55,29,Liquid,
45-55,30,Liquid,
45-55,31,Liquid,
45-55,32,Liquid,
45-55,33,Liquid,
45-55,34,Liquid,
45-55,35,Liquid,
45-55,36,Liquid,
45-55,37,Liquid,
45-55,38,Liquid,
45-55,39,Liquid,
45-55,40,Liquid,
45-55,41,Liquid,
45-55,42,Liquid,
45-55,43,Liquid,
45-55,44,Liquid,
45-55,45,Liquid,
45-55,46,Liquid,
45-55,47,Liquid,
45-55,48,Liquid,
45-55,49,Liquid,
45-55,50,Liquid,
45-55,< 3M,Short Term,
45-55,< 6M,Short Term,40.0
45-55,< 1Y,Short Term,70.0
45-55,1,Short Term,80.0
45-55,2,Short Term,
45-55,3,Short Term,
45-55,4,Short Term,
45-55,5,Short Term,
45-55,6,Short Term,
45-55,7,Short Term,
45-55,8,Short Term,
45-55,9,Short Term,
45-55,10,Short Term,
45-55,11,Short Term,
45-55,12,Short Term,
45-55,13,Short Term,
45-55,14,Short Term,
45-55,15,Short Term,
45-55,16,Short Term,
45-55,17,Short Term,
45-55,18,Short Term,
45-55,19,Short Term,
45-55,20,Short Term,
45-55,21,Short Term,
45-55,22,Short Term,
45-55,23,Short Term,
45-55,24,Short Term,
45-55,25,Short Term,
45-55,26,Short Term,
45-55,27,Short Term,
45-55,28,Short Term,
45-55,29,Short Term,
45-55,30,Short Term,
45-55,31,Short Term,
45-55,32,Short Term,
45-55,33,Short Term,
45-55,34,Short Term,
45-55,35,Short Term,
45-55,36,Short Term,
45-55,37,Short Term,
45-55,38,Short Term,
45-55,39,Short Term,
45-55,40,Short Term,
45-55,41,Short Term,
45-55,42,Short Term,
45-55,43,Short Term,
45-55,44,Short Term,
45-55,45,Short Term,
45-55,46,Short Term,
45-55,47,Short Term,
45-55,48,Short Term,
45-55,49,Short Term,
45-55,50,Short Term,
45-55,< 3M,Income,
45-55,< 6M,Income,
45-55,< 1Y,Income,
45-55,1,Income,20
45-55,2,Income,100
45-55,3,Income,60
45-55,4,Income,40
45-55,5,Income, 
45-55,6,Income,
45-55,7,Income,
45-55,8,Income,
45-55,9,Income,
45-55,10,Income,
45-55,11,Income,
45-55,12,Income,
45-55,13,Income,
45-55,14,Income,
45-55,15,Income,
45-55,16,Income,
45-55,17,Income,
45-55,18,Income,
45-55,19,Income,
45-55,20,Income,
45-55,21,Income,
45-55,22,Income,
45-55,23,Income,
45-55,24,Income,
45-55,25,Income,
45-55,26,Income,
45-55,27,Income,
45-55,28,Income,
45-55,29,Income,
45-55,30,Income,
45-55,31,Income,
45-55,32,Income,
45-55,33,Income,
45-55,34,Income,
45-55,35,Income,
45-55,36,Income,
45-55,37,Income,
45-55,38,Income,
45-55,39,Income,
45-55,40,Income,
45-55,41,Income,
45-55,42,Income,
45-55,43,Income,
45-55,44,Income,
45-55,45,Income,
45-55,46,Income,
45-55,47,Income,
45-55,48,Income,
45-55,49,Income,
45-55,50,Income,
45-55,< 3M,Balanced,
45-55,< 6M,Balanced,
45-55,< 1Y,Balanced,
45-55,1,Balanced,
45-55,2,Balanced,0.0
45-55,3,Balanced,40.0
45-55,4,Balanced,60.0
45-55,5,Balanced,80.0
45-55,6,Balanced,60.0
45-55,7,Balanced,40.0
45-55,8,Balanced,20.0
45-55,9,Balanced,
45-55,10,Balanced,
45-55,11,Balanced,
45-55,12,Balanced,
45-55,13,Balanced,
45-55,14,Balanced,
45-55,15,Balanced,
45-55,16,Balanced,
45-55,17,Balanced,
45-55,18,Balanced,
45-55,19,Balanced,
45-55,20,Balanced,
45-55,21,Balanced,
45-55,22,Balanced,
45-55,23,Balanced,
45-55,24,Balanced,
45-55,25,Balanced,
45-55,26,Balanced,
45-55,27,Balanced,
45-55,28,Balanced,
45-55,29,Balanced,
45-55,30,Balanced,
45-55,31,Balanced,
45-55,32,Balanced,
45-55,33,Balanced,
45-55,34,Balanced,
45-55,35,Balanced,
45-55,36,Balanced,
45-55,37,Balanced,
45-55,38,Balanced,
45-55,39,Balanced,
45-55,40,Balanced,
45-55,41,Balanced,
45-55,42,Balanced,
45-55,43,Balanced,
45-55,44,Balanced,
45-55,45,Balanced,
45-55,46,Balanced,
45-55,47,Balanced,
45-55,48,Balanced,
45-55,49,Balanced,
45-55,50,Balanced,
45-55,< 3M,Equity – Mod,
45-55,< 6M,Equity – Mod,
45-55,< 1Y,Equity – Mod,
45-55,1,Equity – Mod,
45-55,2,Equity – Mod,
45-55,3,Equity – Mod,
45-55,4,Equity – Mod,
45-55,5,Equity – Mod,20.0
45-55,6,Equity – Mod,40.0
45-55,7,Equity – Mod,60.0
45-55,8,Equity – Mod,80.0
45-55,9,Equity – Mod,80.0
45-55,10,Equity – Mod,60.0
45-55,11,Equity – Mod,50.0
45-55,12,Equity – Mod,50.0
45-55,13,Equity – Mod,50.0
45-55,14,Equity – Mod,50.0
45-55,15,Equity – Mod,50.0
45-55,16,Equity – Mod,50.0
45-55,17,Equity – Mod,50.0
45-55,18,Equity – Mod,50.0
45-55,19,Equity – Mod,50.0
45-55,20,Equity – Mod,50.0
45-55,21,Equity – Mod,50.0
45-55,22,Equity – Mod,50.0
45-55,23,Equity – Mod,50.0
45-55,24,Equity – Mod,50.0
45-55,25,Equity – Mod,50.0
45-55,26,Equity – Mod,50.0
45-55,27,Equity – Mod,50.0
45-55,28,Equity – Mod,50.0
45-55,29,Equity – Mod,50.0
45-55,30,Equity – Mod,50.0
45-55,31,Equity – Mod,50.0
45-55,32,Equity – Mod,50.0
45-55,33,Equity – Mod,50.0
45-55,34,Equity – Mod,50.0
45-55,35,Equity – Mod,50.0
45-55,36,Equity – Mod,50.0
45-55,37,Equity – Mod,50.0
45-55,38,Equity – Mod,50.0
45-55,39,Equity – Mod,50.0
45-55,40,Equity – Mod,50.0
45-55,41,Equity – Mod,50.0
45-55,42,Equity – Mod,50.0
45-55,43,Equity – Mod,50.0
45-55,44,Equity – Mod,50.0
45-55,45,Equity – Mod,50.0
45-55,46,Equity – Mod,50.0
45-55,47,Equity – Mod,50.0
45-55,48,Equity – Mod,50.0
45-55,49,Equity – Mod,50.0
45-55,50,Equity – Mod,50.0
45-55,< 3M,Equity – Agg,
45-55,< 6M,Equity – Agg,
45-55,< 1Y,Equity – Agg,
45-55,1,Equity – Agg,
45-55,2,Equity – Agg,
45-55,3,Equity – Agg,
45-55,4,Equity – Agg,
45-55,5,Equity – Agg,
45-55,6,Equity – Agg,
45-55,7,Equity – Agg,
45-55,8,Equity – Agg,0.0
45-55,9,Equity – Agg,20.0
45-55,10,Equity – Agg,40.0
45-55,11,Equity – Agg,50.0
45-55,12,Equity – Agg,50.0
45-55,13,Equity – Agg,50.0
45-55,14,Equity – Agg,50.0
45-55,15,Equity – Agg,50.0
45-55,16,Equity – Agg,50.0
45-55,17,Equity – Agg,50.0
45-55,18,Equity – Agg,50.0
45-55,19,Equity – Agg,50.0
45-55,20,Equity – Agg,50.0
45-55,21,Equity – Agg,50.0
45-55,22,Equity – Agg,50.0
45-55,23,Equity – Agg,50.0
45-55,24,Equity – Agg,50.0
45-55,25,Equity – Agg,50.0
45-55,26,Equity – Agg,50.0
45-55,27,Equity – Agg,50.0
45-55,28,Equity – Agg,50.0
45-55,29,Equity – Agg,50.0
45-55,30,Equity – Agg,50.0
45-55,31,Equity – Agg,50.0
45-55,32,Equity – Agg,50.0
45-55,33,Equity – Agg,50.0
45-55,34,Equity – Agg,50.0
45-55,35,Equity – Agg,50.0
45-55,36,Equity – Agg,50.0
45-55,37,Equity – Agg,50.0
45-55,38,Equity – Agg,50.0
45-55,39,Equity – Agg,50.0
45-55,40,Equity – Agg,50.0
45-55,41,Equity – Agg,50.0
45-55,42,Equity – Agg,50.0
45-55,43,Equity – Agg,50.0
45-55,44,Equity – Agg,50.0
45-55,45,Equity – Agg,50.0
45-55,46,Equity – Agg,50.0
45-55,47,Equity – Agg,50.0
45-55,48,Equity – Agg,50.0
45-55,49,Equity – Agg,50.0
45-55,50,Equity – Agg,50.0
55-65,< 3M,Liquid,100.0
55-65,< 6M,Liquid,80.0
55-65,< 1Y,Liquid,40.0
55-65,1,Liquid,
55-65,2,Liquid,
55-65,3,Liquid,
55-65,4,Liquid,
55-65,5,Liquid,
55-65,6,Liquid,
55-65,7,Liquid,
55-65,8,Liquid,
55-65,9,Liquid,
55-65,10,Liquid,
55-65,11,Liquid,
55-65,12,Liquid,
55-65,13,Liquid,
55-65,14,Liquid,
55-65,15,Liquid,
55-65,16,Liquid,
55-65,17,Liquid,
55-65,18,Liquid,
55-65,19,Liquid,
55-65,20,Liquid,
55-65,21,Liquid,
55-65,22,Liquid,
55-65,23,Liquid,
55-65,24,Liquid,
55-65,25,Liquid,
55-65,26,Liquid,
55-65,27,Liquid,
55-65,28,Liquid,
55-65,29,Liquid,
55-65,30,Liquid,
55-65,31,Liquid,
55-65,32,Liquid,
55-65,33,Liquid,
55-65,34,Liquid,
55-65,35,Liquid,
55-65,36,Liquid,
55-65,37,Liquid,
55-65,38,Liquid,
55-65,39,Liquid,
55-65,40,Liquid,
55-65,41,Liquid,
55-65,42,Liquid,
55-65,43,Liquid,
55-65,44,Liquid,
55-65,45,Liquid,
55-65,46,Liquid,
55-65,47,Liquid,
55-65,48,Liquid,
55-65,49,Liquid,
55-65,50,Liquid,
55-65,< 3M,Short Term,
55-65,< 6M,Short Term,20.0
55-65,< 1Y,Short Term,60.0
55-65,1,Short Term,100.0
55-65,2,Short Term,
55-65,3,Short Term,
55-65,4,Short Term,
55-65,5,Short Term,
55-65,6,Short Term,
55-65,7,Short Term,
55-65,8,Short Term,
55-65,9,Short Term,
55-65,10,Short Term,
55-65,11,Short Term,
55-65,12,Short Term,
55-65,13,Short Term,
55-65,14,Short Term,
55-65,15,Short Term,
55-65,16,Short Term,
55-65,17,Short Term,
55-65,18,Short Term,
55-65,19,Short Term,
55-65,20,Short Term,
55-65,21,Short Term,
55-65,22,Short Term,
55-65,23,Short Term,
55-65,24,Short Term,
55-65,25,Short Term,
55-65,26,Short Term,
55-65,27,Short Term,
55-65,28,Short Term,
55-65,29,Short Term,
55-65,30,Short Term,
55-65,31,Short Term,
55-65,32,Short Term,
55-65,33,Short Term,
55-65,34,Short Term,
55-65,35,Short Term,
55-65,36,Short Term,
55-65,37,Short Term,
55-65,38,Short Term,
55-65,39,Short Term,
55-65,40,Short Term,
55-65,41,Short Term,
55-65,42,Short Term,
55-65,43,Short Term,
55-65,44,Short Term,
55-65,45,Short Term,
55-65,46,Short Term,
55-65,47,Short Term,
55-65,48,Short Term,
55-65,49,Short Term,
55-65,50,Short Term,
55-65,< 3M,Income,
55-65,< 6M,Income,
55-65,< 1Y,Income,
55-65,1,Income,
55-65,2,Income,80
55-65,3,Income,60
55-65,4,Income,40
55-65,5,Income, 
55-65,6,Income,
55-65,7,Income,
55-65,8,Income,
55-65,9,Income,
55-65,10,Income,
55-65,11,Income,
55-65,12,Income,
55-65,13,Income,
55-65,14,Income,
55-65,15,Income,
55-65,16,Income,
55-65,17,Income,
55-65,18,Income,
55-65,19,Income,
55-65,20,Income,
55-65,21,Income,
55-65,22,Income,
55-65,23,Income,
55-65,24,Income,
55-65,25,Income,
55-65,26,Income,
55-65,27,Income,
55-65,28,Income,
55-65,29,Income,
55-65,30,Income,
55-65,31,Income,
55-65,32,Income,
55-65,33,Income,
55-65,34,Income,
55-65,35,Income,
55-65,36,Income,
55-65,37,Income,
55-65,38,Income,
55-65,39,Income,
55-65,40,Income,
55-65,41,Income,
55-65,42,Income,
55-65,43,Income,
55-65,44,Income,
55-65,45,Income,
55-65,46,Income,
55-65,47,Income,
55-65,48,Income,
55-65,49,Income,
55-65,50,Income,
55-65,< 3M,Balanced,
55-65,< 6M,Balanced,
55-65,< 1Y,Balanced,
55-65,1,Balanced,
55-65,2,Balanced,20.0
55-65,3,Balanced,40.0
55-65,4,Balanced,60.0
55-65,5,Balanced,80.0
55-65,6,Balanced,60.0
55-65,7,Balanced,40.0
55-65,8,Balanced,30.0
55-65,9,Balanced,20.0
55-65,10,Balanced,
55-65,11,Balanced,
55-65,12,Balanced,
55-65,13,Balanced,
55-65,14,Balanced,
55-65,15,Balanced,
55-65,16,Balanced,
55-65,17,Balanced,
55-65,18,Balanced,
55-65,19,Balanced,
55-65,20,Balanced,
55-65,21,Balanced,
55-65,22,Balanced,
55-65,23,Balanced,
55-65,24,Balanced,
55-65,25,Balanced,
55-65,26,Balanced,
55-65,27,Balanced,
55-65,28,Balanced,
55-65,29,Balanced,
55-65,30,Balanced,
55-65,31,Balanced,
55-65,32,Balanced,
55-65,33,Balanced,
55-65,34,Balanced,
55-65,35,Balanced,
55-65,36,Balanced,
55-65,37,Balanced,
55-65,38,Balanced,
55-65,39,Balanced,
55-65,40,Balanced,
55-65,41,Balanced,
55-65,42,Balanced,
55-65,43,Balanced,
55-65,44,Balanced,
55-65,45,Balanced,
55-65,46,Balanced,
55-65,47,Balanced,
55-65,48,Balanced,
55-65,49,Balanced,
55-65,50,Balanced,
55-65,< 3M,Equity – Mod,
55-65,< 6M,Equity – Mod,
55-65,< 1Y,Equity – Mod,
55-65,1,Equity – Mod,
55-65,2,Equity – Mod,
55-65,3,Equity – Mod,
55-65,4,Equity – Mod,
55-65,5,Equity – Mod,20.0
55-65,6,Equity – Mod,40.0
55-65,7,Equity – Mod,60.0
55-65,8,Equity – Mod,70.0
55-65,9,Equity – Mod,80.0
55-65,10,Equity – Mod,100.0
55-65,11,Equity – Mod,100.0
55-65,12,Equity – Mod,100.0
55-65,13,Equity – Mod,100.0
55-65,14,Equity – Mod,100.0
55-65,15,Equity – Mod,100.0
55-65,16,Equity – Mod,100.0
55-65,17,Equity – Mod,100.0
55-65,18,Equity – Mod,100.0
55-65,19,Equity – Mod,100.0
55-65,20,Equity – Mod,100.0
55-65,21,Equity – Mod,100.0
55-65,22,Equity – Mod,100.0
55-65,23,Equity – Mod,100.0
55-65,24,Equity – Mod,100.0
55-65,25,Equity – Mod,100.0
55-65,26,Equity – Mod,100.0
55-65,27,Equity – Mod,100.0
55-65,28,Equity – Mod,100.0
55-65,29,Equity – Mod,100.0
55-65,30,Equity – Mod,100.0
55-65,31,Equity – Mod,100.0
55-65,32,Equity – Mod,100.0
55-65,33,Equity – Mod,100.0
55-65,34,Equity – Mod,100.0
55-65,35,Equity – Mod,100.0
55-65,36,Equity – Mod,100.0
55-65,37,Equity – Mod,100.0
55-65,38,Equity – Mod,100.0
55-65,39,Equity – Mod,100.0
55-65,40,Equity – Mod,100.0
55-65,41,Equity – Mod,100.0
55-65,42,Equity – Mod,100.0
55-65,43,Equity – Mod,100.0
55-65,44,Equity – Mod,100.0
55-65,45,Equity – Mod,100.0
55-65,46,Equity – Mod,100.0
55-65,47,Equity – Mod,100.0
55-65,48,Equity – Mod,100.0
55-65,49,Equity – Mod,100.0
55-65,50,Equity – Mod,100.0
55-65,< 3M,Equity – Agg,
55-65,< 6M,Equity – Agg,
55-65,< 1Y,Equity – Agg,
55-65,1,Equity – Agg,
55-65,2,Equity – Agg,
55-65,3,Equity – Agg,
55-65,4,Equity – Agg,
55-65,5,Equity – Agg,
55-65,6,Equity – Agg,
55-65,7,Equity – Agg,
55-65,8,Equity – Agg,0
55-65,9,Equity – Agg,0
55-65,10,Equity – Agg,0
55-65,11,Equity – Agg,0
55-65,12,Equity – Agg, 
55-65,13,Equity – Agg, 
55-65,14,Equity – Agg, 
55-65,15,Equity – Agg, 
55-65,16,Equity – Agg, 
55-65,17,Equity – Agg, 
55-65,18,Equity – Agg, 
55-65,19,Equity – Agg, 
55-65,20,Equity – Agg, 
55-65,21,Equity – Agg, 
55-65,22,Equity – Agg, 
55-65,23,Equity – Agg, 
55-65,24,Equity – Agg, 
55-65,25,Equity – Agg, 
55-65,26,Equity – Agg, 
55-65,27,Equity – Agg, 
55-65,28,Equity – Agg, 
55-65,29,Equity – Agg, 
55-65,30,Equity – Agg, 
55-65,31,Equity – Agg, 
55-65,32,Equity – Agg, 
55-65,33,Equity – Agg, 
55-65,34,Equity – Agg, 
55-65,35,Equity – Agg, 
55-65,36,Equity – Agg, 
55-65,37,Equity – Agg, 
55-65,38,Equity – Agg, 
55-65,39,Equity – Agg, 
55-65,40,Equity – Agg, 
55-65,41,Equity – Agg, 
55-65,42,Equity – Agg, 
55-65,43,Equity – Agg, 
55-65,44,Equity – Agg, 
55-65,45,Equity – Agg, 
55-65,46,Equity – Agg, 
55-65,47,Equity – Agg, 
55-65,48,Equity – Agg, 
55-65,49,Equity – Agg, 
55-65,50,Equity – Agg, 
>65,< 3M,Liquid,100.0
>65,< 6M,Liquid,100.0
>65,< 1Y,Liquid,50.0
>65,1,Liquid,20.0
>65,2,Liquid,
>65,3,Liquid,
>65,4,Liquid,
>65,5,Liquid,
>65,6,Liquid,
>65,7,Liquid,
>65,8,Liquid,
>65,9,Liquid,
>65,10,Liquid,
>65,11,Liquid,
>65,12,Liquid,
>65,13,Liquid,
>65,14,Liquid,
>65,15,Liquid,
>65,16,Liquid,
>65,17,Liquid,
>65,18,Liquid,
>65,19,Liquid,
>65,20,Liquid,
>65,21,Liquid,
>65,22,Liquid,
>65,23,Liquid,
>65,24,Liquid,
>65,25,Liquid,
>65,26,Liquid,
>65,27,Liquid,
>65,28,Liquid,
>65,29,Liquid,
>65,30,Liquid,
>65,31,Liquid,
>65,32,Liquid,
>65,33,Liquid,
>65,34,Liquid,
>65,35,Liquid,
>65,36,Liquid,
>65,37,Liquid,
>65,38,Liquid,
>65,39,Liquid,
>65,40,Liquid,
>65,41,Liquid,
>65,42,Liquid,
>65,43,Liquid,
>65,44,Liquid,
>65,45,Liquid,
>65,46,Liquid,
>65,47,Liquid,
>65,48,Liquid,
>65,49,Liquid,
>65,50,Liquid,
>65,< 3M,Short Term,
>65,< 6M,Short Term,
>65,< 1Y,Short Term,50.0
>65,1,Short Term,80.0
>65,2,Short Term,
>65,3,Short Term,
>65,4,Short Term,
>65,5,Short Term,
>65,6,Short Term,
>65,7,Short Term,
>65,8,Short Term,
>65,9,Short Term,
>65,10,Short Term,
>65,11,Short Term,
>65,12,Short Term,
>65,13,Short Term,
>65,14,Short Term,
>65,15,Short Term,
>65,16,Short Term,
>65,17,Short Term,
>65,18,Short Term,
>65,19,Short Term,
>65,20,Short Term,
>65,21,Short Term,
>65,22,Short Term,
>65,23,Short Term,
>65,24,Short Term,
>65,25,Short Term,
>65,26,Short Term,
>65,27,Short Term,
>65,28,Short Term,
>65,29,Short Term,
>65,30,Short Term,
>65,31,Short Term,
>65,32,Short Term,
>65,33,Short Term,
>65,34,Short Term,
>65,35,Short Term,
>65,36,Short Term,
>65,37,Short Term,
>65,38,Short Term,
>65,39,Short Term,
>65,40,Short Term,
>65,41,Short Term,
>65,42,Short Term,
>65,43,Short Term,
>65,44,Short Term,
>65,45,Short Term,
>65,46,Short Term,
>65,47,Short Term,
>65,48,Short Term,
>65,49,Short Term,
>65,50,Short Term,
>65,< 3M,Income,
>65,< 6M,Income,
>65,< 1Y,Income,
>65,1,Income,
>65,2,Income,100.0
>65,3,Income,80.0
>65,4,Income,70.0
>65,5,Income,60.0
>65,6,Income,40.0
>65,7,Income,20.0
>65,8,Income,
>65,9,Income,
>65,10,Income,
>65,11,Income,
>65,12,Income,
>65,13,Income,
>65,14,Income,
>65,15,Income,
>65,16,Income,
>65,17,Income,
>65,18,Income,
>65,19,Income,
>65,20,Income,
>65,21,Income,
>65,22,Income,
>65,23,Income,
>65,24,Income,
>65,25,Income,
>65,26,Income,
>65,27,Income,
>65,28,Income,
>65,29,Income,
>65,30,Income,
>65,31,Income,
>65,32,Income,
>65,33,Income,
>65,34,Income,
>65,35,Income,
>65,36,Income,
>65,37,Income,
>65,38,Income,
>65,39,Income,
>65,40,Income,
>65,41,Income,
>65,42,Income,
>65,43,Income,
>65,44,Income,
>65,45,Income,
>65,46,Income,
>65,47,Income,
>65,48,Income,
>65,49,Income,
>65,50,Income,
>65,< 3M,Balanced,
>65,< 6M,Balanced,
>65,< 1Y,Balanced,
>65,1,Balanced,
>65,2,Balanced,0.0
>65,3,Balanced,20.0
>65,4,Balanced,30.0
>65,5,Balanced,40.0
>65,6,Balanced,60.0
>65,7,Balanced,80.0
>65,8,Balanced,100.0
>65,9,Balanced,80.0
>65,10,Balanced,80.0
>65,11,Balanced,80.0
>65,12,Balanced,80.0
>65,13,Balanced,80.0
>65,14,Balanced,80.0
>65,15,Balanced,80.0
>65,16,Balanced,80.0
>65,17,Balanced,80.0
>65,18,Balanced,80.0
>65,19,Balanced,80.0
>65,20,Balanced,80.0
>65,21,Balanced,80.0
>65,22,Balanced,80.0
>65,23,Balanced,80.0
>65,24,Balanced,80.0
>65,25,Balanced,80.0
>65,26,Balanced,80.0
>65,27,Balanced,80.0
>65,28,Balanced,80.0
>65,29,Balanced,80.0
>65,30,Balanced,80.0
>65,31,Balanced,80.0
>65,32,Balanced,80.0
>65,33,Balanced,80.0
>65,34,Balanced,80.0
>65,35,Balanced,80.0
>65,36,Balanced,80.0
>65,37,Balanced,80.0
>65,38,Balanced,80.0
>65,39,Balanced,80.0
>65,40,Balanced,80.0
>65,41,Balanced,80.0
>65,42,Balanced,80.0
>65,43,Balanced,80.0
>65,44,Balanced,80.0
>65,45,Balanced,80.0
>65,46,Balanced,80.0
>65,47,Balanced,80.0
>65,48,Balanced,80.0
>65,49,Balanced,80.0
>65,50,Balanced,80.0
>65,< 3M,Equity – Mod,
>65,< 6M,Equity – Mod,
>65,< 1Y,Equity – Mod,
>65,1,Equity – Mod,
>65,2,Equity – Mod,
>65,3,Equity – Mod,
>65,4,Equity – Mod,
>65,5,Equity – Mod,0.0
>65,6,Equity – Mod,0.0
>65,7,Equity – Mod,0.0
>65,8,Equity – Mod,0.0
>65,9,Equity – Mod,20.0
>65,10,Equity – Mod,20.0
>65,11,Equity – Mod,20.0
>65,12,Equity – Mod,20.0
>65,13,Equity – Mod,20.0
>65,14,Equity – Mod,20.0
>65,15,Equity – Mod,20.0
>65,16,Equity – Mod,20.0
>65,17,Equity – Mod,20.0
>65,18,Equity – Mod,20.0
>65,19,Equity – Mod,20.0
>65,20,Equity – Mod,20.0
>65,21,Equity – Mod,20.0
>65,22,Equity – Mod,20.0
>65,23,Equity – Mod,20.0
>65,24,Equity – Mod,20.0
>65,25,Equity – Mod,20.0
>65,26,Equity – Mod,20.0
>65,27,Equity – Mod,20.0
>65,28,Equity – Mod,20.0
>65,29,Equity – Mod,20.0
>65,30,Equity – Mod,20.0
>65,31,Equity – Mod,20.0
>65,32,Equity – Mod,20.0
>65,33,Equity – Mod,20.0
>65,34,Equity – Mod,20.0
>65,35,Equity – Mod,20.0
>65,36,Equity – Mod,20.0
>65,37,Equity – Mod,20.0
>65,38,Equity – Mod,20.0
>65,39,Equity – Mod,20.0
>65,40,Equity – Mod,20.0
>65,41,Equity – Mod,20.0
>65,42,Equity – Mod,20.0
>65,43,Equity – Mod,20.0
>65,44,Equity – Mod,20.0
>65,45,Equity – Mod,20.0
>65,46,Equity – Mod,20.0
>65,47,Equity – Mod,20.0
>65,48,Equity – Mod,20.0
>65,49,Equity – Mod,20.0
>65,50,Equity – Mod,20.0
>65,< 3M,Equity – Agg,
>65,< 6M,Equity – Agg,
>65,< 1Y,Equity – Agg,
>65,1,Equity – Agg,
>65,2,Equity – Agg,
>65,3,Equity – Agg,
>65,4,Equity – Agg,
>65,5,Equity – Agg,
>65,6,Equity – Agg,
>65,7,Equity – Agg,
>65,8,Equity – Agg,0
>65,9,Equity – Agg,0
>65,10,Equity – Agg,0
>65,11,Equity – Agg,0
>65,12,Equity – Agg, 
>65,13,Equity – Agg, 
>65,14,Equity – Agg, 
>65,15,Equity – Agg, 
>65,16,Equity – Agg, 
>65,17,Equity – Agg, 
>65,18,Equity – Agg, 
>65,19,Equity – Agg, 
>65,20,Equity – Agg, 
>65,21,Equity – Agg, 
>65,22,Equity – Agg, 
>65,23,Equity – Agg, 
>65,24,Equity – Agg, 
>65,25,Equity – Agg, 
>65,26,Equity – Agg, 
>65,27,Equity – Agg, 
>65,28,Equity – Agg, 
>65,29,Equity – Agg, 
>65,30,Equity – Agg, 
>65,31,Equity – Agg, 
>65,32,Equity – Agg, 
>65,33,Equity – Agg, 
>65,34,Equity – Agg, 
>65,35,Equity – Agg, 
>65,36,Equity – Agg, 
>65,37,Equity – Agg, 
>65,38,Equity – Agg, 
>65,39,Equity – Agg, 
>65,40,Equity – Agg, 
>65,41,Equity – Agg, 
>65,42,Equity – Agg, 
>65,43,Equity – Agg, 
>65,44,Equity – Agg, 
>65,45,Equity – Agg, 
>65,46,Equity – Agg, 
>65,47,Equity – Agg, 
>65,48,Equity – Agg, 
>65,49,Equity – Agg, 
>65,50,Equity – Agg, 
